Rank,Address,Label,Balance
1,1FeexV6bAHb8ybZjqQMjJrcCrHGW9sb6uF,wallet: MtGox-Hack,"79,957 BTC"
2,1LdRcdxfbSnmCYYNdeYpUnztiYzVfBEQeC,,"53,880 BTC"
3,1AC4fMwgY8j9onSbXEWeH6Zan8QGMSdmtA,,"51,830 BTC"
4,12ib7dApVFvg82TXKycWBNpN8kFyiAN1dr,wallet: 967,"31,000 BTC"
5,12tkqA9xSoowkzoERHMWNKsTey55YEBqkv,,"28,151 BTC"
6,17rm2dvb439dZqyMe2d4D6AQJSgg6yeNRn,,"20,008 BTC"
7,1PeizMg76Cf96nUQrYg8xuoZWLQozU5zGW,,"19,414 BTC"
8,1GR9qNz7zgtaW5HwwVpEJWMnGWhsbsieCG,,"15,746 BTC"
9,1F34duy2eeMz5mSrvFepVzy7Y1rBsnAyWC,,"10,771 BTC"
10,1Ki3WTEEqTLPNsN5cGTsMkL2sJ4m5mdCXT,,"10,000 BTC"
11,1P9fAFAsSLRmMu2P7wZ5CXDPRfLSWTy9N8,,"9,425 BTC"
12,1HLvaTs3zR3oev9ya7Pzp3GB9Gqfg6XYJT,,"9,260 BTC"
13,167ZWTT8n6s4ya8cGjqNNQjDwDGY31vmHg,,"8,999 BTC"
14,18zuLTKQnLjp987LdxuYvjekYnNAvXif2b,,"8,021 BTC"
15,3PWn1AGqo8HWH8mXSsxx1Ytk87zMAAziFU,,"8,000 BTC"
16,198aMn6ZYAczwrE5NvNTUMyJ5qkfy4g3Hi,,"8,000 BTC"
17,15Z5YJaaNSxeynvr6uW6jQZLwq3n1Hu6RX,wallet: 559,"7,941 BTC"
18,13eEt6myAo1zAC7o7RK5sVxxCNCAgd6ApH,,"7,000 BTC"
19,1DzjE3ANaKLasY2n6e5ToJ4CQCXrvDvwsf,,"7,000 BTC"
20,324rP14bzX8kW1JWt1J8ohZjDFyt2G68Kq,,"7,000 BTC"
21,1FJuzzQFVMbiMGw6JtcXefdD64amy7mSCF,,"6,999 BTC"
22,1Ac2JdpQ5c9NeSajdGx6dofxeXkn4S35ft,,"6,878 BTC"
23,1AYLzYN7SGu5FQLBTADBzqKm4b6Udt6Bw6,,"6,512 BTC"
24,1JxmKkNK1b3p7r8DDPtnNmGeLZDcgPadJb,,"6,316 BTC"
25,1LBBmkr9muf7RjjBbzQQvzNQpRRaVEnavs,,"6,200 BTC"
26,138EMxwMtKuvCEUtm4qUfT2x344TSReyiT,,"5,908 BTC"
27,1DR93bfKVCUJkDvPuxbUAEtzYRaJEnwjNt,,"5,600 BTC"
28,1CCqLR8YrUMPFgYZWwLW8FkezbFjfeXD8n,,"5,595 BTC"
29,1BeouDc6jtHpitvPz3gR3LQnBGb7dKRrtC,wallet: 7507428,"5,075 BTC"
30,1ARWCREnmdKyHgNg2c9qih8UzRr4MMQEQS,,"5,000 BTC"
31,1DaCQDfStUgkPQXcf53Teeo6LPiKcVMBM9,,"5,000 BTC"
32,19z6WynrjHeD5MMv6919BuQRwybuen1sRv,,"5,000 BTC"
33,1NQEV6T4avmPqUVTvgsKkeB6yc8qnSWfhR,,"5,000 BTC"
34,1NJQZhzYac89fDhQCmb1khdjekKNVYLFMY,,"5,000 BTC"
35,12ytiN9oWQTRGb6JjZiaoWMAvF9nPWdGX1,,"5,000 BTC"
36,1Btud1pqADgGzgBCZzxzc2b1o1ytk1HYWC,,"4,900 BTC"
37,1BXZng4dcXDnYNRXRgHqWjzT5RwxHHBSHo,,"4,900 BTC"
38,1BvNwfxEQwZNRmYQ3eno6e976XyxhCsRXj,,"4,881 BTC"
39,1Miy5sJZSamDZN6xcJJidp9zYxhSrpDeJm,,"4,792 BTC"
40,1Kq6hXXiSpdp9bg9hDDyqm8ZfvgZmzchjn,,"4,699 BTC"
41,16aEn4p6hK4FMpLtJGpoQZMZ946sDg1Z6n,,"4,503 BTC"
42,1MLiPwYjNACQHREFKwGtkPpWgd8PqpbuQ4,,"4,487 BTC"
43,18Hp8j2JMvwtPs1eqNaYEEVvuFpjQJRFVY,,"4,333 BTC"
44,16eb495TbiCRbRbZv4WBdaUvNGxUYJ4jed,,"4,322 BTC"
45,1JCrPqogEKEpM9fuFQV7LpF9e8cgf3YZ8m,,"4,251 BTC"
46,124YoiaSaUssbBeP5RukbSN9Evc3UJfwPj,,"4,166 BTC"
47,1GX7i8jG8DD1mG85BNnz7xybVhSmw84Uii,,"4,109 BTC"
48,1N5NqDWiLVqtU8mEzCNEeEbQVHwuGGChJs,,"4,049 BTC"
49,1VeMPNgEtQGurwjW2WsYXQaw4boAX5k6S,,"4,000 BTC"
50,1ALXLVNj7yKRU2Yki3K3yQGB5TBPof7jyo,,"4,000 BTC"
51,1LwBdypLh3WPawK1WUqGZXgs4V8neHHqb7,,"4,000 BTC"
52,1GMFSWQQQhCQyRNQcac9tDKcvqYCuripVs,,"3,674 BTC"
53,14mPMrRm6TdjqHZhd7aBUbuWt5MYWReukR,,"3,600 BTC"
54,1FvUkW8thcqG6HP7gAvAjcR52fR7CYodBx,wallet: 4222,"3,350 BTC"
55,1Gn1GzVa88T1X3fdhejyq6jrZs43T24xW6,,"3,249 BTC"
56,1PTYXwamXXgQoAhDbmUf98rY2Pg1pYXhin,,"3,233 BTC"
57,16oKJMcUZkDbq2tXDr9Fm2HwgBAkJPquyU,,"3,215 BTC"
58,193zge613zys7eSkQYQVd9xubovLN8Sr6j,,"3,145 BTC"
59,1L9ipUywwErf9EaKCgLqrkoSM5ab3wrjvh,,"3,141 BTC"
60,1EgH7EUfgjr8gAK9t1BeHLDC1ijrVvdec3,wallet: 1891446,"3,082 BTC"
61,18jGeboNHt1YpsDFcCeYPKm8qnAe9942BG,,"3,069 BTC"
62,19HhmfxGsznL8K7wXjZiFnhqddQucgfZzB,,"3,000 BTC"
63,15DtovKcGFiAJmyVfbjvCXHyjtyoZhyyj4,,"3,000 BTC"
64,1ArZGb5V24gAgN51FeQknobi6kNyGx739r,,"3,000 BTC"
65,1JjMoB212ctAiuDvURyWhs813yY4c75cap,,"3,000 BTC"
66,1FDVbVJYKkWPFcJEzCxi99vpKTYxEY3zdj,,"3,000 BTC"
67,1MBPNZb1Rakm8hYaP9VGqUU6gyJQUod61y,,"3,000 BTC"
68,1GUNPhjykrBdET5sauhahRoN6Xb9pACs5j,,"3,000 BTC"
69,1AGAvShyB22eUxz1DKfBBgGENDSZP8dcq9,,"3,000 BTC"
70,1KpwMa1w9DTUCB5asCgUdLRA22hto1Qgqv,,"2,999 BTC"
71,1LQaq7LLoyjdfH3vczuusa17WsRokhsRvG,,"2,966 BTC"
72,15HiQkbvQMoAzXyKdQbuCKTGDxTswYBUf5,,"2,939 BTC"
73,1AenFm1zSRkhtPHwZmP2UuRQbWpakD8cVZ,,"2,918 BTC"
74,13KYdPnzGh5H8exFY3FhUo9Rvvs6kKAcL8,,"2,800 BTC"
75,1EUJKGm3FB65rr5W9anAEoWA3m71WpDayZ,,"2,745 BTC"
76,38gTej4KSrED7Ds9wTHJegErQSmSbF1Qfx,,"2,669 BTC"
77,18cKGtwdQHmnDXD6w6AhBhHsmxnK8gsVHf,,"2,645 BTC"
78,19DdkMxutkLGY67REFPLu51imfxG9CUJLD,,"2,616 BTC"
79,1BrSzBwx2RLuppgGziqgF7oMuneHQVhsNc,,"2,600 BTC"
80,17j45BXWrjSDttuurcSQubYLdLescJ7eJH,,"2,585 BTC"
81,1AjbEPKeyW4MCUpwb37Y1HR9uDQso67mQx,,"2,510 BTC"
82,1P6brDbYKsQGqRduaTMa1v8hBqJYjig4Qc,,"2,510 BTC"
83,1NT1jtYLNwFXLztD4U4B9sLizdYatirhWW,,"2,500 BTC"
84,12owkvCcMPw5u1M692GbBFmpaMdX3kqXQM,,"2,500 BTC"
85,1Kj6epyY2MdzZUCHE572jeV9n7DDRReaZJ,,"2,407 BTC"
86,1Q6VMUacupsVvGgSW8puCdSb65jMVpSunQ,,"2,369 BTC"
87,1w7TJ4AJUpnRVAFdAKfngXVEyDHRbj6Nb,,"2,363 BTC"
88,152p1VPp2UYceP9BLtJRLoMgoErQRCryTt,,"2,350 BTC"
89,1Dp1yVTFmgb6oL5WoNVsLsZso4ATMzxD1M,,"2,288 BTC"
90,1GbkwjPrrxdXB8ddewK3KhhCXgj8uZ2Y5K,,"2,255 BTC"
91,1HjdiADVHew97yM8z4Vqs4iPwMyQHkkuhj,,"2,200 BTC"
92,1G2ozMay5PggBFMvXtFDFiXk63u2XAMsqM,,"2,200 BTC"
93,35ysWwjZRokHuHbDWVZnd1HA9hs6YQtHLS,,"2,200 BTC"
94,1LoSbcBntvcFtVAERaYTDhPB62EGkchMRQ,,"2,200 BTC"
95,1JaPNwMXt2AuVkWmkUHbsw78MbGorTfmm2,wallet: 4222,"2,195 BTC"
96,1CounterpartyXXXXXXXXXXXXXXXUWLpVr,,"2,131 BTC"
97,1VLZtmKa95BFrXHeyHEETAivJ22pTEhrT,,"2,100 BTC"
98,1NB3ZXxs3vfq1hRhuSAZ3zPdQNrXBQB6ZX,,"2,100 BTC"
99,13DyBwhpDw6152q1drbK2US5S3CdY1mRnU,,"2,100 BTC"
100,16Q5zhKCMbpEkR43K6tgzdkh1mTUfi7SMy,,"2,100 BTC"
101,13ACvVSUKeQ57zBtENsJtHManPTJ5sZuRw,,"2,100 BTC"
102,1MEKbMf7hPw2scP468unqAXjedZWMM4La4,,"2,097 BTC"
103,142fFLWkLgteEB48wC6tcChK5dXkptbjn6,wallet: 20447230,"2,068 BTC"
104,1CkdZXJtpbxxX4QAzbRhiFNU3PkcsUsFzw,,"2,066 BTC"
105,1CU33fX35WYJDNxXM5jqawQtVGr32QEGrV,,"2,050 BTC"
106,1BMB272EM8F9RXaFszJ7nxxN8VNjoa3mYu,,"2,012 BTC"
107,1MTq53R9mvrJomvHoq8i4uyLv26mWHhNPc,,"2,001 BTC"
108,13dSnmhFeX3qqbsi4thXXad4ggTh6VCESG,,"2,000 BTC"
109,16w8WZ8Ub1Whk6SP4cw4op5cgyRVsb77T8,,"2,000 BTC"
110,16y2tVCgnwGM6c3kPPuQDJrSadQqcddUm6,,"2,000 BTC"
111,18KHS8ndbKJ1iEtTxv44Ree3Fs7oCURg83,,"2,000 BTC"
112,1KF8CrJXpAf8EB63a91EHaH1TobnDsRgaK,,"2,000 BTC"
113,1NTva3cWy3Xiueh5GPWCa9cz8SePrv6cmT,,"2,000 BTC"
114,13RwLs69Y7xPrTM5E2aa9RxiDSyeX6jEyw,,"2,000 BTC"
115,1KxQJau7BkuwHZh7Ugo2yoqKN9WeS51S5C,,"2,000 BTC"
116,1AsgPtK6qG5M8bHxcgeVzot12gfKnUnPW9,,"2,000 BTC"
117,1CqMbvPpLS8mWerAHiJSS9yasZaQ9bEsZf,,"2,000 BTC"
118,16maYEFESxYegRrDrm8AzmhYtGdHwHnvnx,,"2,000 BTC"
119,12KkxkrPeSR9H1SnbKT2UPepLgarz3tGHp,,"1,986 BTC"
120,1ER3nEZFqXUkKw6AucHnmPxXnQQ8F6SJEG,,"1,969 BTC"
121,14CQ2jCrpsd1eSdC4zWsJZH9LvDr6GrCyo,,"1,958 BTC"
122,19rvEojniQQYqf4vGsvhPfiLMeYrag4gEe,,"1,925 BTC"
123,1C4H9GDALbjDVnbfTt4a9ML1XbwzLS1rUC,,"1,908 BTC"
124,15HDbh92juxL9NRW4sm8wo3hmDoc32vWNM,,"1,861 BTC"
125,1FdPpELnjHfwSM4Nvi7LdYS4S4GVGsLUQY,wallet: 175811,"1,804 BTC"
126,13HVZCHH6ndYPGYLtwdk7bH5Bv2wGzv2wK,,"1,801 BTC"
127,15vwE15F9Umu3aigWfFx7XKHQqVS6TyoZo,,"1,800 BTC"
128,1Ek9Jj3Z3Bnipe3DnMq2otXG5iNjze66VR,,"1,799 BTC"
129,1Go1p98x7EpKmEFiYnr4qjX6PJyxdfweJV,,"1,769 BTC"
130,1DtFKiPdYD2U6XDZGtWK7q8JYVrDKBHBqE,,"1,766 BTC"
131,13FKHnREotr4jrjiSJwPUpecogVT7Rj7bu,wallet: 4222,"1,750 BTC"
132,15e8jdh1wKf3toj7yQWwuGNdMYyb6DTWE9,,"1,724 BTC"
133,12Eqq2YuTU5q5F7L1khsqMYzFfeU4xmjD2,,"1,700 BTC"
134,1BVMFfPXJy2TY1x6wm8gow3N5Amw4Etm5h,wallet: 1222,"1,698 BTC"
135,3BjNP5gL661VmHxyw7JKUok1yGtdFenxy2,,"1,666 BTC"
136,1HDNfSr5ExyGfe77GX681PPZtN2deoewfd,,"1,662 BTC"
137,162W4Sv2kJzLuzuQ52nF2oXTyfWYMH4Pxw,,"1,640 BTC"
138,113324vM6NBar2q72w6iDCdQvPnPQw8Tvw,,"1,600 BTC"
139,1MmcSBpzNYeGgSfVNxXEoBdpmsCxyMUuWW,,"1,600 BTC"
140,3EPqytXCCcapxe8dy6yufzLm1LXX8xmaLM,,"1,594 BTC"
141,1JNamaC2PE4woAk1vaoW46e5pxgdQkaKnc,,"1,592 BTC"
142,113fiz1m5ofgDnPueDXRXqyDMa8J3EirWZ,,"1,586 BTC"
143,1JqJHk69j15VAHdxUDD4hFPW8acZKoFGdS,,"1,558 BTC"
144,1QEqQWSzrZfWsJ5Kxgh6BYnGJRjkYwMRmp,,"1,545 BTC"
145,1JKkR1fSQKY6qUGHdNrD9wzTavButq7AWp,,"1,526 BTC"
146,1J3St3rp3hVsuLGhegbLWicyPL3NRD3YJ7,,"1,523 BTC"
147,1khexYoq6fvMdKAww7dpdZb4WBPKBq2hb,,"1,518 BTC"
148,1F4N1oMNXJJRF33qcYkk58tZbEhGNH8NXN,,"1,501 BTC"
149,38fW4PLwRLqWKHWgE6R2i7k2P9jyACvKUc,,"1,501 BTC"
150,3Dq1AfreNRssqJ3uwvudULVKhaFL2hSLqU,,"1,501 BTC"
151,1PzfwiEeLJzXHjCJXNRwDaKiDoj9sGE1sp,,"1,500 BTC"
152,13oRbW4P5kYaSX4UXAyd5VsSYr8x5hX2Pv,,"1,500 BTC"
153,174NVbudzKV1jZnZvRzKvauZxnq25NfG4v,,"1,500 BTC"
154,13byMcDPivr2fSnG1ZetpRC2gY7NiNTwJA,,"1,500 BTC"
155,1Qj994hD27DRq2g3tL2feV3XXkffUXsMS,,"1,500 BTC"
156,19f7nPeS4pX5u1CSYnymzMpPZx5K9gumLh,,"1,500 BTC"
157,1Fkhvum7YANk14mQ4cRQFPXph7cHWLedXv,,"1,492 BTC"
158,14mYYUZJPUMgofvURnFY65YRSj1uqDzXBj,,"1,482 BTC"
159,14uByGebfPR3EDhA9sVvg4wXdBNbJYW753,,"1,441 BTC"
160,1D6iTqvbgcqenbkKNsFsi9zN21KH4KPPEa,,"1,435 BTC"
161,1AV4KGCsvtPZ9tG7hvwgb85wJyFd9xdpFv,,"1,430 BTC"
162,1DmXZ4UWKQ2AjwLAvEK8R6vmZe5jYoFUE6,,"1,411 BTC"
163,1NScGjCDbwKKQhrUgQVhvkiWTiqDR2GaLY,,"1,400 BTC"
164,19EXaPSKix3guorGhApd1QixkwoDsk3Wv3,,"1,400 BTC"
165,139Gqqx4TESNaX1DAg5jRJCd3P22GGS1E1,,"1,399 BTC"
166,1JqdadgxgxrnbEnfvohxtaSNbHt52kVLtC,,"1,396 BTC"
167,3CXqwPMeRSZfAcXcw8h5xcv2QgxVP94cs8,,"1,394 BTC"
168,35tR8soky58TuUo1dKrT7RTsRc8SWCAZMk,,"1,392 BTC"
169,1Nc5Vpkk3qhFHzwrvHedr5uBB6ELSMuSmB,,"1,383 BTC"
170,1K4VSNMNqnmngpTXdny8a6xj9cfvyTtFfV,,"1,381 BTC"
171,14ResTzJYh5t9xDqtEsgCfXNjaWNSuA5uQ,,"1,364 BTC"
172,16QdwpazhZ2FnqiB5UauW7vRFqQjNBH7u3,,"1,360 BTC"
173,1GRg4w3SEp3D5HgJejyasQtD6UyTyrtAqL,,"1,350 BTC"
174,3KFumSNurzdgfsKzeLVC4CvsiepdBXwQEd,,"1,347 BTC"
175,1HW3Wa63msqwhrBYCAsddMGh1gWXABXWyV,,"1,337 BTC"
176,1GkqY6YQB6WKC9Hjh8oP8yojDufDYRCXkq,,"1,336 BTC"
177,194RLDTv6rjkDu9kX99mTBuK6KunAWRRkk,,"1,335 BTC"
178,1BgHppcDjzMYbfeJR23VHHbAFHUNunxAze,,"1,327 BTC"
179,1Dq9aaxg3DJ6rXfhKE5jKYQmcK3SBuYy74,,"1,326 BTC"
180,13kxWCuDWN1gGSe2vPmsSBVXyPfYLMh6M4,wallet: 10513851,"1,320 BTC"
181,15aKbxrQCJDEemv8LBeqE5mX6JikdporrZ,,"1,312 BTC"
182,1FUGUiJFcsLktTAkexy2ghT3Kus7yyEuUJ,wallet: 821090,"1,303 BTC"
183,152kzDqjAVuPBMmJqcWvFbB7qkvigFXSLh,wallet: 28112415,"1,301 BTC"
184,19xjndVpGTqmFAC1ZL3gV6MpxJUMkvqSrd,,"1,300 BTC"
185,12bFfEEyw8MwT2oan8Tv99Cw15kYKL6aiJ,,"1,300 BTC"
186,1F6aQVRg1aWB5K63fNcaA79o9Xoik27GM,,"1,300 BTC"
187,372o41UryrDe4XuxgkagbByyVhH9niaGFu,,"1,300 BTC"
188,3Lhf1HGi3PjMQzgR5tU1J6MEwnZqWfA4QM,,"1,300 BTC"
189,1BmU4dAJAKEaDuj3Eswc66UxjbHWdVWu4F,,"1,294 BTC"
190,1KjjyBY36xDfaNZ7KqJxc1sQ9APESCXH21,,"1,261 BTC"
191,1Y6Lr71Htj7vwsG1mo5un9WBigrHcdAGH,,"1,244 BTC"
192,18iJBAX3BRVZT2i5vkh73TUM9UvAN1ASE3,,"1,236 BTC"
193,15eSCVaJFFXbFitzNxWwUUCEwpS2dkZK2G,,"1,209 BTC"
194,1BBpy9Vh2gp78XMsdd8F2bYLtdtAfpsKji,,"1,207 BTC"
195,165JPvFVSTLqV8seGzY7mumNpzysVSoTKc,,"1,206 BTC"
196,3MTHTYTQeCZUeBD82ArdpJ65ctAhBBWi7C,,"1,205 BTC"
197,1APMXEM4SUeR9WBwvUVjAponH9vzeG2fjp,,"1,201 BTC"
198,1MVLP2kRPNqz8VJUy83LstUoMQzUjgq4Zg,,"1,201 BTC"
199,1B2KQvEL2wyWiBmxg5rNbHCU4zQmGDgiwH,,"1,200 BTC"
200,14aHSA3xnNpBYyqqZvLbTvrBYELbJhn7NL,,"1,200 BTC"
201,1EaChfhakuSdYdNekHZB8YHe6SdykVg8pu,,"1,194 BTC"
202,17kPKTWpDKgDES6RT11Xuz2qgyLNBsDrgu,,"1,191 BTC"
203,1FHJmaZ46UsX6gZzaQQqduA5xcCcsCLcYj,,"1,182 BTC"
204,1k7rio1YLfhN2JfaAsmsy3PT2oUdqiy8J,,"1,182 BTC"
205,14E4jGeo7Gys3DvQThT9AiEq3yvmcpRZ27,,"1,170 BTC"
206,16xSAf5uYCrEgTfXxjrUgq9c5qSjZowSCa,,"1,150 BTC"
207,1GUT2NzCgVsjZj1DsBycCGXntoTTWjTiMG,,"1,142 BTC"
208,19NNyVDVqco5PRVZRqt9i7ECAP6CuyLZu4,,"1,141 BTC"
209,1DowZxD3BVK4EBqWoD6QaES8t277hgmWDv,,"1,137 BTC"
210,1Fyhd6BWJh6fAtC6rHu19K8FFx5a4aRaXH,,"1,120 BTC"
211,3MPaGxZfDKxu8srq5HSVtVjZ6SZcVgSBHM,,"1,111 BTC"
212,1N5ACP9k2wRUgC3siFRu45MoR9Xkvb6Wmc,,"1,111 BTC"
213,12yqUYtcCvDgiDgzJTT7DsSCoSifwYavhH,wallet: 779574,"1,105 BTC"
214,1Dd3QKnvAZC17SvguLq8aoi8JLtQfr532P,,"1,100 BTC"
215,15USWMmGtSHnnkmcJBrwYrAjtjBg6i4N8w,,"1,100 BTC"
216,1AJuVk99ygzUoXZiAbBRnSaCMqB5QUJEsn,,"1,100 BTC"
217,1KmaiBSWEwmLcmq1TZzEJqwvmchS6t2n3E,wallet: 30007,"1,093 BTC"
218,1Nq8XVK1ocaBiL6ZswrDPmuqeZixXkFWEU,,"1,055 BTC"
219,3LvjVpxwsDikf4AbZmEJXWq6hNNoorSJFq,,"1,052 BTC"
220,1khUbG5x5irP5S8oaDDdNHZffymb5bpXu,,"1,049 BTC"
221,1D4PtqZ8gdX8cBR8VgLSnC53c1tGL9wopJ,,"1,036 BTC"
222,1KNxYaLy5HGZmKGH8NzJzUVhomHg84d2y2,,"1,033 BTC"
223,14g9K1s4SpV8k2CtwTNJt1JWoHSyXG4JWj,,"1,024 BTC"
224,1AyB2Ff33WjN8HyFHGa6UnEypDTnexiuVM,,"1,023 BTC"
225,1NxmQpXZD7yzXrTKdTBPGyVa9CphKb4i8t,,"1,020 BTC"
226,1khWP41zrADdWSNwzXQUZGpURPgXHTaux,,"1,010 BTC"
227,1FyGxvtPXCniSqivesC7DwMsKw49KrnU79,,"1,005 BTC"
228,1FSqgEhG4bEzTDLNxfeQ7hLz9E93TRhczn,,"1,005 BTC"
229,112P9ju5uTvvj5JZ6H3SNRy6mqxsXVnB9K,,"1,004 BTC"
230,1khbFxF6n3oDyMHGhBWjpQZE8TFoVYtSE,,"1,003 BTC"
231,37UTf3ruv5csr4CWGag2VCqgvenr2YzHV8,,"1,003 BTC"
232,14WeToVbjbByAUD8GGHRU9BJGwETBFLPKT,,"1,001 BTC"
233,14qdBdRTvT4i4QZ6iqRhrBj732x9EpoFQC,,"1,001 BTC"
234,1A6VXviu1guRweCkJiLQy3h9hzfoLawp5d,,"1,001 BTC"
235,3AVaHvreEHRuvtbmrfst9ypuZ4TPP5vpPj,,"1,001 BTC"
236,1Au1PEH71fsKfhgHSGN77CmH9tVmURriAY,,"1,000 BTC"
237,1nJ39zzTMJCygGxw3PZXKydSk7mNnC7SQ,,"1,000 BTC"
238,18xjbYXKfohTNrX41g1GAzzjh1sjJPzRqd,,"1,000 BTC"
239,1PmLAqBiiCTpq6hc8BJ3wa8hJtyjNPdvHE,,"1,000 BTC"
240,1EqGWHKPrJZzLzUFTULLA3caYnQv53wQJP,,"1,000 BTC"
241,1AwpCykpTxiNhu6eTH62YcXVfBEcTM4Sai,,"1,000 BTC"
242,12zgpEbXRs9JzXRckvdkQFfu99jn521Dfi,,"1,000 BTC"
243,1Dg5eLjUu8tp5Rhkq1iG9XNPoryrPLQA15,,"1,000 BTC"
244,1Ab1BCNuYwGtfDKgJWh81zbeyB7HWNc9xJ,,"1,000 BTC"
245,1D4c6FjVrim1jppRWy1DNLjrx4uogZBwkJ,,"1,000 BTC"
246,1JecCTLDLgo7wEZrsYpUFLSZEpi6DJPK7d,,"1,000 BTC"
247,155AkfuHgY7mZFDm9d7xGgP1rqXHMtjukY,wallet: 38600897,"1,000 BTC"
248,1Mnc9YWgfSyyut8wdKDNznYhi2NvYnsqCw,,"1,000 BTC"
249,1DFxKaDmq1cuzLjo949quvWqPA3UVu3hP7,,"1,000 BTC"
250,1H1ECjR96iAiTpiVaooQwcV9JHxf57vg2m,,"1,000 BTC"
251,1LcKmgPFaXpJui5LMbaogk7A88kwdJK9Rg,,"1,000 BTC"
252,16hr6GDzWvBrkhSg5337jTrUnrs7Z9GdS9,,"1,000 BTC"
253,16TkpJm34XjeVdZZckTWAn1dqYbX5v7K4a,,"1,000 BTC"
254,13aNpzpiRe2VfupbroMWv68Q2VbJrnWdXP,,"1,000 BTC"
255,14WWrJMGPo43mAoLXoH53pREAEUAFFW66T,,"1,000 BTC"
256,1Au1fALPbBY4qA1YRPUC9GBKm8gAZJ1CCN,,"1,000 BTC"
257,1uU9y4LSM3vKrD4R2iQqhMa1kW6d3kKUk,,"1,000 BTC"
258,1Dbvh6L8Ce22bnfe4uMVqXZb19ift8ohqx,,"1,000 BTC"
259,12dvRka7H1AydknnwqdsX9trXHbNZFzE57,,"1,000 BTC"
260,1L9oHjwBs5VVtrKFT6gXMAwqdobfhMZaWF,,"1,000 BTC"
261,1KiQNazvLpchWb8rZx3VqhyaE56PXxcuYB,,"1,000 BTC"
262,1KVyYVs7qbzuZt4s6M1hKRwtQZm2QQZLiA,wallet: 53630,"1,000 BTC"
263,14xWSU6vrV7H285PR96pGtvqg6XLfycSt4,,"1,000 BTC"
264,1BNSd5s2wUm48PwVkf8CUYKabhM4iiHPmx,,"1,000 BTC"
265,1B8C6LkjpQHg6PnHzujfg3ujZ7Z3C9pEqW,,"1,000 BTC"
266,14SvnRSkHckB4NCFSNETgs7wbbwx2iN2HU,,"1,000 BTC"
267,1Mz9MJ3Tvm8vjZrdTDXSoJrL54uUGjh459,,"1,000 BTC"
268,1H5hXypTRciskxVC5nPGEF6Cw24F1AzC4,,"1,000 BTC"
269,19C5VdmSD3SF8f7Che4t2hxHHWPjKPGegt,,"1,000 BTC"
270,19GxhCCB59ZYYSTGSFrd5imG6wPWbhd4zr,,"1,000 BTC"
271,1PNwELxYci8bcMn3D9JBpqoANXuHTZ88YM,,"1,000 BTC"
272,1Atpo8TGJPkUtLreMrKzCGUUrxcYBHafA4,,"1,000 BTC"
273,1QFET85uxFHhud5T8RVYp8hzCbdfYHvz6x,,"1,000 BTC"
274,1CSXJ4kB7Y9hp3MVHSs7qbzsF3xuFcQLXK,,"1,000 BTC"
275,17pE1V6ZgNyPwsYtXaR1tJuZvvtcry8ukt,,"1,000 BTC"
276,1AbVjHyy52HpaHC9RCiSFszXzgPEhHcQqj,,"1,000 BTC"
277,1G6jwPp5dGbzmdvyX98REt4X7moBYME3qy,,"1,000 BTC"
278,1DMfS71RmW7961TowcM4WPQpMoTfZnjbgR,,"1,000 BTC"
279,17FPdPcc86QEfqoVuSBoc6khJDqS9qZUFw,,"1,000 BTC"
280,1BrpK5VRnWb5mVaNATXy5Cf8jjUHqF3pvy,,"1,000 BTC"
281,12iPz6KzKGX1UyodPsvKeigbsAkpGKKPNW,,"1,000 BTC"
282,1MJ7uvPRVc7GN3AUHvtQmUUE4S1m81EDxw,,"1,000 BTC"
283,1ECE8LSkmUDPYNAkysCJTzbQePunxdX2kj,,"1,000 BTC"
284,1AWe32boSBj88Uxvdu4nnVZffZ3oPeLits,,"1,000 BTC"
285,1JaVPjPHZgrBBwS3XW1w4KFUZFwvuAwtVV,wallet: 1130554,"1,000 BTC"
286,13N2qrZj54B8HrhKR65aneA3Cj2AE8XE7G,,"1,000 BTC"
287,1CVyPG2eMjQhFiS84r1eddFjhCfu4RfmDS,,"1,000 BTC"
288,13nrX5r86ohQKRLKaxQVvc7qJWVLfoFJ35,,"1,000 BTC"
289,1M1nMKdPHNehcnNa7z1DrrboKZ1FCKKAM1,,"1,000 BTC"
290,13XyAhrj45wSCJPwzutin3gjX1T2JLnh3t,,"1,000 BTC"
291,1FnSAxX7K93uzZDU7YBvic4YMdpoDBrzSJ,,"1,000 BTC"
292,1NZGfyiibSHZDFpLHGr7LX1QqQfkYQ8gUw,,"1,000 BTC"
293,1DJv2uPEQi7UB7MSmeqmpUGuEvJnpS5mDA,,"1,000 BTC"
294,1NMLZVByBdAcY7UmhwCU4m1oUFVD9JbSpL,,"1,000 BTC"
295,16PAdwKR79mR24PqunHUkTjzw5hxTWMjQc,,"1,000 BTC"
296,1KxTeAd5sLdemKJUX9AFvRBivzYjVLfn1F,,"1,000 BTC"
297,1KsarsU3U2hVTQcbDWPS61HXt4oWC2AkgJ,,"1,000 BTC"
298,1HCwzgYBxrPtbRTupJTuoop2udJX6iW3U5,,"1,000 BTC"
299,17u63RjSg5cvfzYhWQUusJ4Pj3JQkC79Bf,,"1,000 BTC"
300,15LMDu1BdXe4hWuqv4XQtUoTczh1d16en6,,"1,000 BTC"
301,1C2GX9UtXGDBLTzdmdpywmgYxyPzWCmSTP,,"1,000 BTC"
302,1CoPFgnF4kcXizu2efzD94ApdUPc73yZiC,,"1,000 BTC"
303,18ty9e6JoAoTFE2PotYADAGaBDX1n87tMd,,"1,000 BTC"
304,1JqbjpSommDxXJmXYPBXidcAw6ZPmd7v3n,,"1,000 BTC"
305,1HYfivTqoSzjqy6eawyitWoK8HvigtU3yb,,"1,000 BTC"
306,1ANSato2K79wt7Lt1SzaShi6S2Zwu1fc4f,,"1,000 BTC"
307,1PVtFeBMdzPyScdukxG6Kom5JiTzozU72H,,"1,000 BTC"
308,1EcJrSJTGmrhHYqxFwGjcWESEDTMwTyTEj,,"1,000 BTC"
309,1DWQ6tDZaFiBxAV5Gm3JQCZAJQQ9kU9VfX,,"1,000 BTC"
310,1KHqggfE62Gkhwpt2AyH2XhJrpLA9SXDoe,,"1,000 BTC"
311,1khKqY1WeuaFqzq4spQnN2fYMNNuMtmxj,,"1,000 BTC"
312,1PyfQYtsPnGd6ohu1HVHnT2HigCicF7Acp,,"1,000 BTC"
313,1MPStDkvNuoQo3BkVqL2dtyu62hNk8Bgn8,,"1,000 BTC"
314,12qHoC3iB7mRaMF1zZcoTPS3mqKbUe4qnk,,"1,000 BTC"
315,1JbnJYGxYjRSTkf17gWuxmbXvA52VX1EBP,,"1,000 BTC"
316,1JE2qgYcf6bX8i4eGAL39v6syhcsWR8EKE,,"1,000 BTC"
317,16D68ce8dDRqospW425DAD4LizRXv7rC7u,,"1,000 BTC"
318,1KSKKTX1Vh4QCZYaxU7Dj9MMKUqwUA6qJT,,"1,000 BTC"
319,1J2a36ac4LoK7bisFci4NWeKZ426BZKqJN,,"1,000 BTC"
320,17tEH87i9gpoFYbs88z2PoabpNYChMfs1P,,"1,000 BTC"
321,15cq9ht4HkJSmgwDKneftyxwuYGvnBrKJi,,"1,000 BTC"
322,16GJ3zu1p6Ps59wRLGWPTUXFnbyBXdwkCv,,"1,000 BTC"
323,1MD9WPJwzHVPTvXbuzEaFHaqLqqzvypxUN,,"1,000 BTC"
324,113Z8q6zh4vG1zp4Z845mPviuTLcyThAbp,,"1,000 BTC"
325,19FXykcZNxz2ZbuVW9erRNosduXDXTmHy7,,"1,000 BTC"
326,14Eo7CebKpMeiobNVdnahbpEWtbriiYoTA,,"1,000 BTC"
327,1GDV4cz38Unob83UpaETmjzqkyfoiJmYjG,,"1,000 BTC"
328,14FyNCw65L3ugW3LaWKv4FUK64ZWyzPNNM,,"1,000 BTC"
329,1GYh7MW31zFTirbQGaEV6CZ8hAAhciwHJB,,"1,000 BTC"
330,3Jm1xenEzSXufMrmyuKdap43hz4skYEC6u,,"1,000 BTC"
331,1MQavFm6JSffUcAk13uAjku6XgkuqNjvZe,,"1,000 BTC"
332,16EwumVQQcGjqgcxkJ2J75sdhmjLH9eaC8,wallet: 38600897,"1,000 BTC"
333,1FcKR5SsN1pQxkbHnTCrSPb6EV1eWq8Ydj,wallet: 38600897,"1,000 BTC"
334,1GXhEFqai4hDwHHJa3wU6y6mB1Yfvxwt5a,wallet: 38600897,"1,000 BTC"
335,1ABrBxtxCUjrw2MiV3AkYcUfq4fnhALASw,,"1,000 BTC"
336,1Kmvz1w8wcNGtMUHrJtKvJ8WsK4NSszCiz,,"1,000 BTC"
337,3PyRWFMLSPDunU6TsMkKs39ikwDpk8LxzG,,"1,000 BTC"
338,1NZwmpjxR1UgSwB6MccxSs4drJMPSC8BaZ,,"1,000 BTC"
339,1DddMaMDcbRH7iqVQeeodofrg4bSy8ahUD,,"1,000 BTC"
340,1MNXnP1MnTobCb74EbzB9ktaAzVFCET7XA,,"1,000 BTC"
341,19yPfFkt5JjbddDdsHxBStT4Rk5JJQKoez,,"1,000 BTC"
342,18U96dbACunfUheXyDWTMpqa2CFBE8CUfv,,"1,000 BTC"
343,1AjAmmPSW7KTPLdVaa7ST7oywypctoZo2F,,"1,000 BTC"
344,1Jsv7D3yoedaDRd4Pr84C5DU87sgcokqsn,,"1,000 BTC"
345,1D73bDndyazRE4PrHfsgQaR8AwLd1v31jA,,"1,000 BTC"
346,16NZmkXCToQ99zvTwibaFK9PWYF8RhTZf8,,"1,000 BTC"
347,1ER7oxsQRtjsdZSKi3pY3eni9GvVvBbPjA,,"1,000 BTC"
348,1EqSDLv7Kv38JEWWU13Dn7TbiJyEMKKdKV,,"1,000 BTC"
349,1HzodEgsb2TsvWAwY9pWBwJAVawXReD9KV,,"1,000 BTC"
350,1BDokNFscNnkpRUegJXKPGeqVm8y7L2Agf,,"1,000 BTC"
351,1Jbc9s4fpi5x84BoUe9SBLtmxWFAD5ZjKq,,"1,000 BTC"
352,168w95Wf8tphgM7DPREXr8zLnVoE2wJCAN,,"1,000 BTC"
353,1KfmQppd29BQjmPimfb73fRGDESzFybVn2,,"1,000 BTC"
354,1F2bKNevAVDJbXy6kYPghqB7BTLtRzfkYb,,"1,000 BTC"
355,1Pnvt4ttbvexku9EvQb7vRyBP5qRpRrGX6,,"1,000 BTC"
356,15JZnwq2NqSNtMPbBhdQddbyimay4xvGyA,,"1,000 BTC"
357,161kViPB1QTxid9rHXCbQDFvS72Mgfc4y7,,"1,000 BTC"
358,175Vm3p3LWtJJdN5mSpv7RQWhx8tqUZzB5,,"1,000 BTC"
359,14GHoKsHEfR618VFoz9ahLwzxcGkNEka3q,,"1,000 BTC"
360,1QL6KoM1uWtTEwQ7vJXY7J3Bpg5mMEzEag,,"1,000 BTC"
361,1EYREFWkPX3CyA5uk5CZByK1LRpRCgXorF,,"1,000 BTC"
362,15YEfnK5PpBWkBuNPYYFTeXLXRtyqsC9DH,,"1,000 BTC"
363,1Ek4uWz9RbGWKZdGRedEWT1a6SKCFYrvsw,wallet: 41146297,"1,000 BTC"
364,1Wog45X48gF5wm6Dtfem8WAQGH3X74p88,,"1,000 BTC"
365,19uqAzejS1ZXkmHGNJEau88ooob4QXjmEt,wallet: 38600897,"1,000 BTC"
366,1LTxwgxWgt6qTb6843pMGpAAVZt1uhosq4,,"1,000 BTC"
367,17diY4cG7W1o16Q2Jy1MFJ7PVPLjJQ38Gi,,"1,000 BTC"
368,1S2PWYeAEhNnpjizaAmrssfLi8Zfroxg4,,"1,000 BTC"
369,1513Qr2KAM88LY2FSCq5JCJyd4LorUYtgM,,"1,000 BTC"
370,1FxDvUoEJU19Bq1ywQX7beQcqkn7cUp6jX,,"1,000 BTC"
371,13Foa8niJE2nHugJ28HYBUfx9Ww4QfS1pU,,"1,000 BTC"
372,13vze7Q5jv3LRzDk6Q1gPSu3nweESEZdf6,wallet: 38600897,"1,000 BTC"
373,1BZyajZKBLpgxcL8rS69DT6SAU5pqLddYq,wallet: 38600897,"1,000 BTC"
374,19SuKg8Nfp98Xk2MYWcMHtd5o9f3FcXZkr,wallet: 38600897,"1,000 BTC"
375,1LtPgZNadP6efq2K54Lui9S4SA2gMsZEPc,wallet: 38600897,"1,000 BTC"
376,16ULF9orVaZS44baJTXN1ev16FnRUSpJGS,wallet: 38600897,"1,000 BTC"
377,159cyC5eTgy2SqNGnKipJdg53TDMae33eF,,"1,000 BTC"
378,1EAaETBVzBAYMdokQy6oDV3ndtsEgyNuZG,,"1,000 BTC"
379,16pMWunTk5ayjPk91cc5ghp2DtygSmVosb,,"1,000 BTC"
380,16EjMe6ufEzpGgDryRJni4XXe8fzaZHiVV,,"1,000 BTC"
381,17GURBUGs1WZN3DtqCDLeBFvznbBgQbAPm,,"1,000 BTC"
382,17Mbft2v8x2MXyFaQQAJFUFsEaNS2hx8Nj,,"1,000 BTC"
383,1DkP5oAi3PbyvLndmqsUyBPJ1zpqHfcHro,,"1,000 BTC"
384,1NjqzRPtJ7ZFJHnF3VfM1rHkCCgYCbPNBo,,"1,000 BTC"
385,1N3iUA8sQXyv8pZekHEmmVx4JDZ98MPPBa,,"1,000 BTC"
386,1JBzBYhWwUDwukMF98E6odcEG2Cq2myK8W,,"1,000 BTC"
387,1Jq4f2fCjBJBwiCmcmtz7CW8RTuamcfoQT,,"1,000 BTC"
388,12mGByfmJH16c5hQApi4N2eHJKfKrrf1fm,,"1,000 BTC"
389,1AyvHCZgfFcRLUCzs3W5vkyX195FCmsimK,,"1,000 BTC"
390,1JqT4EpwmHogj6gayzoM8sZ18nfLA8Fb75,,"1,000 BTC"
391,1QAbhtkLCaNFFfGagPiqCMZecupKjZBBbh,,"1,000 BTC"
392,17gBJdE7xd8Xs7UwotuAb8EbGbPy9TvfHK,,"1,000 BTC"
393,1LC1r8TX2SzZtzWAw6DTKXv32RWrvKbCLv,,"1,000 BTC"
394,131gJ5QEpk74NdQKZC4FHW9q9N4htvdvUM,,"1,000 BTC"
395,1FcM3U5XKLrYSx2CY4f3H9W8AZsKzFTVSA,,"1,000 BTC"
396,1BBXEhXcHAA8jvDUvtakz7Hz4zf41Q8zNg,,"1,000 BTC"
397,1JH2Yt4LWPkXjCw11GQpAf6SahjknVn9iL,,"1,000 BTC"
398,1DktWqGjJQFmrKELt1nQrdJWmNMWBxGQV9,,"1,000 BTC"
399,16fKLByWc6dWY9tPPvY1SsajYsgDfsmwf9,,"1,000 BTC"
400,1HS8i7yiFxiwkFyRGdp6wTYKajpf58BYdN,,"1,000 BTC"
401,1QHDQi1PVaNNn7oZZAWAZCiqRmQWouv1ey,,"1,000 BTC"
402,1CHnxKrYjYc9pVX4Z8uMWKM3Gm5NCnh78e,,"1,000 BTC"
403,175zrR3z4PB3ug4YFBrk83tiCgbtfFGusm,,"1,000 BTC"
404,1y75TUkBQjVmg7C2GRA6rNX5V7b5Xhd7s,,"1,000 BTC"
405,1AeLVWnGSFRVrqsDQAtza9ETP8CQtMqQYy,,"1,000 BTC"
406,1NDW9P5gb1tBxuAk2vjQqk25V7aUcmitPL,,"1,000 BTC"
407,1BEoqMoicfoJ3n92dpupzCdLEUU46kkz7M,wallet: 38600897,"1,000 BTC"
408,1NfFjW1muw6edJ5npxDxTWKb2tekHVRyRi,wallet: 38600897,"1,000 BTC"
409,1GzCBKcQRtRvrwaJDQPuWAub7fRpCofL26,wallet: 38600897,"1,000 BTC"
410,1Dw7894vBxRBbHEzX2SLkXBHK9432ckre8,wallet: 38600897,"1,000 BTC"
411,1Dp1RTReq6Fr2ABALcbDj6mtxevaLCz7R,wallet: 38600897,"1,000 BTC"
412,1Eb6HokTzBSw4BSFVuMhi8HLFXJ49nykZE,wallet: 38600897,"1,000 BTC"
413,1ECQyPuL94zKHGguaweHi5d21zy7xHchsn,,"1,000 BTC"
414,1G6qkSuiwuXSsPT3VdEWyeWrvVwnjnUnCC,,"1,000 BTC"
415,1JMHwAaStUj9wq8QnJ2KuRRx3pkuoPSAdr,wallet: 38600897,"1,000 BTC"
416,18iMRHgQ6FAFgJU6pU8LyQ7p31BuNPEL98,wallet: 38600897,"1,000 BTC"
417,1Pv5dqp7kGyCXhfmjKjpXmfWZSF8ARoFbu,wallet: 38600897,"1,000 BTC"
418,1HKGyCvg9xeLtv63ncC5FokeGzkySYzcHK,wallet: 38600897,"1,000 BTC"
419,14K8D813nMR64UMbJwf7fewNdT8SCFhgep,wallet: 38600897,"1,000 BTC"
420,19b6eK6ZPQPtGpniBzt3hoXxdJ9Ym2oZ5d,wallet: 38600897,"1,000 BTC"
421,16wNv4jDWLa7CcM83GT1BvUNQKuU791bmD,wallet: 38600897,"1,000 BTC"
422,1KQH9acNRbtPbSRSd86WM5bJkBVjcVSyNE,wallet: 38600897,"1,000 BTC"
423,18G9aLZErQJhcKHD12ufmkLWrvGFHx4BqN,wallet: 38600897,"1,000 BTC"
424,1EREJQuF2H2GDEK2yJcRBZsKYpSg42fN1W,wallet: 38600897,"1,000 BTC"
425,1EjELb9yAKQK7wdsxtQyPhKxHe29fjC6bP,wallet: 38600897,"1,000 BTC"
426,15kKNi3X1iqf7KvjRto6U8ThuybCteJWfr,wallet: 38600897,"1,000 BTC"
427,12KZaPyqRKFwLk7oZ7opKoG34D7dDVepei,wallet: 38600897,"1,000 BTC"
428,15bSWi83qj3U6oVRVWnP2wsi952PxzPMAB,wallet: 38600897,"1,000 BTC"
429,18fvb38fBeSgyY31hcKcbYZGQ8TkZr5F1c,wallet: 38600897,"1,000 BTC"
430,165vm3yMjE5ndARKnx6Mpev2V6YrkDXWpk,wallet: 38600897,"1,000 BTC"
431,19AQEKDM7UjLmM7a3YDf3mMyECbvwv4V5Q,wallet: 38600897,"1,000 BTC"
432,18ukHgnFwrro74Knn6KqQZRXVRNtgj7Yrk,wallet: 38600897,"1,000 BTC"
433,17TWkx6PHZL3EML1Pc7wnp7nNERqisaU4E,wallet: 38600897,"1,000 BTC"
434,1DG9ikTfNQJ7AcTWKMCAYyY8q2h66qht1Y,wallet: 38600897,"1,000 BTC"
435,16m7L6UUTxDDtnYdcQDZaePtFLdz3maw3y,wallet: 38600897,"1,000 BTC"
436,1PCuHryZkaL4rqMuo6EGDs9YgpANVaSkvu,wallet: 38600897,"1,000 BTC"
437,12PxBAuwqJZ52KhxuTtxyURQBAbo3kVKV7,wallet: 38600897,"1,000 BTC"
438,1DNMGfqyd3Uab3QKBj7RNy8FafRNi9ymxG,wallet: 38600897,"1,000 BTC"
439,1DaGqhQJnVnCKcJ1zNMG4V7tpjtgG4QzGs,wallet: 38600897,"1,000 BTC"
440,1BDJFR38mHkC8TxoHFyz6Mah5M3sNBXheu,wallet: 38600897,"1,000 BTC"
441,1J5XrcQVMvwe8JJDVdfxkhtEfx2ABThuH9,wallet: 38600897,"1,000 BTC"
442,14fJX3SnfzR5CmkNHtgryYMH1T8p3XGFu8,wallet: 38600897,"1,000 BTC"
443,16RYY5Z5gM423MRQZZ8QTcxmfNTmtoWho3,wallet: 38600897,"1,000 BTC"
444,1L91DAFy9Fp6ixv6XZALkwQQFb6KR271Fr,wallet: 38600897,"1,000 BTC"
445,1CJE97kZDvtdASmmDaEJevAm3NHRjjCe2a,wallet: 38600897,"1,000 BTC"
446,17gwo8AveuUKKeoM8RXnjnvb2VGVrd1QQg,wallet: 38600897,"1,000 BTC"
447,146qNDmYArQHhRoHbzie3BJoFKodFvQ7jA,wallet: 38600897,"1,000 BTC"
448,1BcaHfYuFzJ5BwTjDs8ouakVY9omJPcjFx,wallet: 38600897,"1,000 BTC"
449,1PAgNcgjiTok3Nr4NGQAu8DoPceSHxEqra,wallet: 38600897,"1,000 BTC"
450,15e9RUqW5vMRAPgkkJr9NrG9Pm1qbQPdqD,wallet: 38600897,"1,000 BTC"
451,1CvcUmJqLi5GCBVyzvdEtttUprcP9Fp5Qj,wallet: 38600897,"1,000 BTC"
452,19V3kjt3NsmNTZuc1XVAkd4fi1jgAU6VXy,,"1,000.00 BTC"
453,1NdG8WCsZVf8GxiQCgdiqJtK7WtJ32gmeY,,"1,000.00 BTC"
454,1Hda9wPWM1yUgNqCBjobgXukZ5qbSbLurp,,"1,000.00 BTC"
455,1KnAtWqccah5JjbNxjepYjJwum3PZpgLpX,,"1,000.00 BTC"
456,17iZTzzafJGys3gNQyhyJRgCzreRCz1Txr,,"1,000.00 BTC"
457,1LxbYv6a2EEJoo3yzQ6vf5sfWnDoCxi5UD,,999.99 BTC
458,1JmJqtB9LP9JKNvaBW1rzp1Z1R684e1Kks,,999.00 BTC
459,1khj2b7MAD7y5bMvt2PZdSh3EzK43Bh4h,,999.00 BTC
460,129DaqQS3i5fpRR4D128DsNh9kFavp4RRX,,999.00 BTC
461,1khqnEzuk7XB7he4eWfAJ2e5hm6dGdxQD,,996.00 BTC
462,1C76ALSqbG8FbXWB2P24hmrSJ11h6kRYdG,,989.32 BTC
463,17vMvB48Z72rUt9EBpuHJkEfvBtMB2QFKq,,988.27 BTC
464,3H68vzGYWMComuXfo3nczyvK5jTX6DYDLH,,988.00 BTC
465,3LgVNVuT9zKszKfHxDpbzMAETLb2tY1v7k,,982.60 BTC
466,1PpLbwQJdKA5ugvJRGLBNYFiGttCmFkWjj,,978.32 BTC
467,1EYFJBtNfhgKcvcL5a9ehxCcgBpTaEFMJE,,977.72 BTC
468,3CTgE3HLQGQ4yMwJcqtkdegNP6etGMz4zn,,977.63 BTC
469,12JsKnPzzq6e8CctzGpyVpcQZ3CTnkdQ7X,,977.52 BTC
470,1khNhkaKTWUpMJoASuWiAMyEApJjHajoZ,,975.00 BTC
471,1PP59WqzNshVX1DmeXRAFswYTaqcTcUeYe,,975.00 BTC
472,1Paos19FGTgK2YAvrwZAFL1NgymYPSdPr9,,975.00 BTC
473,16xPL5rDYzhCATF1Rp4pywYSSKja6kpYRJ,,970.60 BTC
474,12gM8hAGmMpjfkTBHbiB6DaerH45vvMpBU,,970.00 BTC
475,1LDQCnsNCsy9MBEk6xCv8JjHdRuLAQL1Fg,,970.00 BTC
476,1khvHY2vNmLbZAwySCvJLs4GzJQfdHmjc,,961.00 BTC
477,1Fu9pvuV6XULRaohYm7ceVvy2rGjizPnVK,,960.00 BTC
478,1KHyYQk2zKCvSTbM3gPtbEqb9zwxFtDDGt,,956.00 BTC
479,3N3QjZ8NEdF2btqe9TzsoaPDeTi39322hk,,955.29 BTC
480,1CWR2UC9MYejLYJaoUFr6vtrhn2MLxCFy,,955.00 BTC
481,1PnXcVeQjrn2z5vRuPi2F9ipWo18deZGJ7,,951.91 BTC
482,36H1JJJHQkzJmJ8sJcqcHTNSUEDbHYWj3P,,950.13 BTC
483,1Cv69bm4ax8ZBBh6YrcR4NQCPpJbkPLoz5,,950.00 BTC
484,17aEcvgXy9o8WChy2NQ25PykaQmPaSsKuh,,949.99 BTC
485,1B1mktueQwNbtmxPgiKqnnUgQonPud3HLZ,,948.55 BTC
486,115cU7d8YVkwJb6ffHGeT1m3rzdt4itCid,,947.88 BTC
487,34yZVbAN8odvSoq5vWeZG6cSWJd7ExAG52,,947.83 BTC
488,1Ngvep3PBxUQvBoe8A5D4eaAkEi7NQ5a9F,,945.00 BTC
489,14e5om1rU4PujGsMesbqgyP2s3wd1CDsCS,,935.24 BTC
490,35Zs5828MTqe93e29rg7groiw2fA8T8VJ3,,930.43 BTC
491,15HLPAr1sxS1ooiUGUj1d93naMgXDANR16,,928.38 BTC
492,35jgYt9gREGqCaCQVesn4dbdCsVgD6PJh8,,925.09 BTC
493,1NhoV7x1tsy79kNcpXadoA51ZCjRReDDMF,,923.00 BTC
494,1JXKXFuB4HZf18JnpKADe2R3J8taoCcQEE,wallet: 175602,906.77 BTC
495,15bfTWfmB4hTtvtcVSaMWWb5d2bAPEpKyu,,905.80 BTC
496,1EGZ3HcxsG1Vf7YV355CGfN8eqZ5o6wqkY,,905.00 BTC
497,1CiW9KV14mCUf3FkxztGGvwp3z7dQYEaKx,,904.99 BTC
498,1CBUuXp7WkdCB4oXdRWeBUAL9svQANycvt,,901.00 BTC
499,1NS17iag9jJgTHD1VXjvLCEnZuQ3rJED9L,,900.85 BTC
500,38GePFkuCgxExTC4yy7Tx8RiTNb4hcs1UG,,900.25 BTC
501,1GRvHRNP4cJb61MqjK8UB1pDdPnnQZzn71,,900.03 BTC
502,1PdSv4K7zbjTArEQZYzRs4Gq3UnSzEZMjS,wallet: 4222,900.00 BTC
503,1MBXyfspMoUgp5AKRXUe7Esz6FCbedrzJ8,,900.00 BTC
504,1W29A8De8AbPgnZtxjHZy3HudukEYZos8,,900.00 BTC
505,1Hbg1bL6pwECNYDcnwNDp2mcx2c5V2HZA3,,900.00 BTC
506,1Fk6fXbSWCtY8bSfuwvqbGK8Yr9tFsMEJw,,900.00 BTC
507,19HqW4tfDohCBUtYSxyQBgm8fBZm8Rvpmi,,900.00 BTC
508,12m1FaVoorwGhhgFBPsDagc7xaLsT8e6pS,wallet: 20762615,898.88 BTC
509,1EpcsTPJyWqvdvCePz3JvUpDR6r4g6MPBE,,898.74 BTC
510,1DS5WKcZV9QujusSTNX5igiSzJnnyKRLeB,,897.19 BTC
511,137zjnSXZs7Wdhg8zCoAJHz3NPgX8WtPPv,,895.65 BTC
512,1K2aDBwgGLrx3n7vBuSbLyp42ZzVzM3aBz,,894.28 BTC
513,1MyFSRSa7wv6kC4GKSE6HFZX1fa8kBH4N2,,892.01 BTC
514,3EKjBtzaCgoG5t4Sjhhk5ooonbSuoMkXw4,,892.00 BTC
515,15rFxiH7n2b6iBSiKDo5DX6tr5atUNhqTM,,891.76 BTC
516,1N3P71tefgcc8aLiid2rjhB41SSD9nKvBa,,888.89 BTC
517,1KWrEh1ZusVvNPvYwD4meGewLLdNn2jegH,,880.87 BTC
518,1F5RtdjZaDSBHmR3nRaveHTMgLsShC1zRi,,880.59 BTC
519,1KURKmDz38wdXdGKthAyD4RFxBmPFz1FZu,,880.38 BTC
520,1BUmk83wcYbinUs7Q3GQWDFK9jYgpZQoVD,,880.06 BTC
521,1HaG7Y4B6n8wsp58njSwvjF2oWoLcyMF1b,,879.09 BTC
522,36ghLdCFBSZK3hefMLnWMdWjL3X4K6uJ6T,,875.04 BTC
523,15ATyN61qpsBjEaR5CEEwAUpmdavQnv8Yn,,875.00 BTC
524,16mEzobs4wQPuAMq1C8QSQafcDHvzczVcs,,875.00 BTC
525,1PpDzas4HuLpTWdbAXYbvkLXcyEdY5ensv,,875.00 BTC
526,3Fqk9NxLdr1UNurtwH4iTk6PoExqxu2UKk,,872.39 BTC
527,176ZedfT8knbKLWqFMjp2HrKcaaYQm8Zj1,,871.93 BTC
528,3714ASP3oGt6PyYEye9NowXi2yPW9ushta,,864.69 BTC
529,1Jp3ncZNfqGUohzNPpQ3SoMSLreKVRVSqD,,861.90 BTC
530,15mkHA8s76bk3Z8ohxF4FSwui1Xs8dGxvH,wallet: 1010877,861.88 BTC
531,3GvqaJFxmSDEbshRsrdEQTKRTjoL6CmKUv,,857.79 BTC
532,15fL9TZxr96o769upAmHmEowaBfUBg1rm6,,855.91 BTC
533,bc1q0eg0u2ck3waztcwlvzclyn0l0mlyha5dzhk3vc,,853.26 BTC
534,3FojjfFaC8n5FH8w7a9sZhpyNFV6ZipGpo,,852.59 BTC
535,1EgWYXrR2isggrBkNyUw2gYv9LUqxReBmG,,851.00 BTC
536,1KWnKgKzJniQp1qkL1E1tgwyJvUUTNBXVN,,850.00 BTC
537,1PiEenKA857w252gq6S8GJt22jUytW1uac,,850.00 BTC
538,1JEMGVcpyuFBc8a9qtvkd1CjoSHKsTxs1e,,850.00 BTC
539,3PoRGiq1C89JRY4i4oUXEBC8LgZkjvCz9b,,849.39 BTC
540,1P5goqbhXjnbV4iNuYubTZysZL8Urtyi4W,,845.00 BTC
541,3LtgC9b9jtfRQdvSGmsgdrQmTddXddQkBp,,843.39 BTC
542,33EuBCruxHo4X1EbnZFzqBLTf7MHNXMzXD,,842.24 BTC
543,1HyjXZQUznXJ2QcHoQ2e4t3g2etYJ541jt,,840.00 BTC
544,1Bf78poRZx3w1gic9f78huCev1YDMaDMNa,,839.00 BTC
545,1CbjQChgb3dWCsPAtMUoRbk3XQJHJAQkJz,,838.95 BTC
546,1QC53NSmxzYTA2MSEMERoN6KLMfbte9xFH,wallet: 987985,838.20 BTC
547,1AbtwYk97uGGtRg3ZH42Ldiw9g89VBBDZ8,,835.20 BTC
548,3LH7nbuzsa7xPfz5AHhinMvBKTvqbvspcv,,832.91 BTC
549,1BB7zbmpBr3HogcH9Jkegz2umWHNvQLiBz,,830.56 BTC
550,1FmLMbBLwJrnm3giK69WtKrH9yQZqecDjD,wallet: 385134,820.00 BTC
551,15jwjFmZZJkmFUEBnXPvWNWvLT38dh9UyW,,820.00 BTC
552,14GgLGbPLi4CDVS9YgjvVGxakTfhmpEYEK,,816.23 BTC
553,1PACRBuSqpztWeJVg7Sf1vXUQgLEa2LY55,,815.86 BTC
554,1JzFJ5ceSZ36rkCZjXxy7r1M1eEqC3vjxQ,,815.60 BTC
555,18t6ZNhg2wBGDECuvZhmexp85xEeUgrf7z,,813.83 BTC
556,1DEbGccBE5SpcGvjFaCUqvv5TLDuUqGwvU,,812.95 BTC
557,13k83ifQTnUdW99hecp3YMD8qNuXFBA7EW,,812.00 BTC
558,179DxuJjTjEiDuqDvwA6ex8wxeN23vBi4J,,810.00 BTC
559,3GYvbBGdEXnzpdy2yiBotw6Zc84ySMCSw8,,805.83 BTC
560,3FeBBT5deWxkBsFrAPNnAcJVt7en14Kz45,,804.06 BTC
561,13wpTmDVKY7cNqsdYJqcTTZa9frFFtvpGY,,803.90 BTC
562,1LnbFGdfKCxpktKJCMRPhtdAZbb88T1nY2,,803.85 BTC
563,3KdUgzWvqBUMjxjXETFCAuYjMh79bWQmBF,,803.59 BTC
564,1FZAt7NvBfVSxK1CSZYPENSdqoAB2y9gC5,,801.00 BTC
565,1KFcaAvK7N9byND6ta6njr2udiM7Mnp59,,800.50 BTC
566,1BZrv9HJKoWCFjZzqT2ypF6fx43FgaujxN,,800.37 BTC
567,1BsHJ6ZkCAJmgWPwuTiT96Aagj5EX7JuGc,,800.10 BTC
568,15jELtRC9v24UNAKYaoiwM8S3AhezVib99,,800.00 BTC
569,15XWErJFYjygF7Agk5AMfn4GKN9qCHkx8z,,800.00 BTC
570,1P2ZAuW9nUrFfwgVjfL2SA9sPXSruCfzp8,,800.00 BTC
571,16ugeFMXnN7WA4SYnmLRxDAniDn4mjsu8K,,800.00 BTC
572,1CXr4X3itmt51PxmCB4X6kfQTsdohwMBAr,,800.00 BTC
573,14bzNMK9AXFCF3E6g6wHtT3dMECbpxwwam,,800.00 BTC
574,12ub7BvRSke9oqGLVUbLVnELypUQRrzGRU,,800.00 BTC
575,1FmM2ou9XdsULzyEbFDVtFPNDmq6UYZ5aD,,800.00 BTC
576,19rr5k2zdsuBDhGKNsHjr7PgcZVT24t2DG,,800.00 BTC
577,18ryUMvNpTSfNy147eDJPhVzENoDpFnkCy,,800.00 BTC
578,1LTR94Yxr3ncBDzfYSi6nFPEkScmd3Eazh,,800.00 BTC
579,1J2MBfr4Ss69F5cyvPRL5Qg8Ff8pRzWaoY,,800.00 BTC
580,16Vgotztzr29bux83NEKvZY5LpgAkFqHfL,,800.00 BTC
581,18MtuPmrLozjTaDCHdX8FCc3du3R4oR8gp,,800.00 BTC
582,17PdhWQrcAy4hFf5mVprSRMyBCUDwaZ9Cr,,800.00 BTC
583,17TaVu5cWyM7SfL5U6vyjnsvn3aT4X6mhd,,800.00 BTC
584,1Fos7dAzC3WfZvyHgPnD36Rd7CvcPxZctc,,800.00 BTC
585,1Bf1Tus6gmULyskz3ibCpRNGHPE8P28P1i,,800.00 BTC
586,1PwfZ5YF6Zu3RMKjhRHPxePipeKHki1p1Y,,800.00 BTC
587,12m9nY8eVLscZYeKoiXrxo4Fydx3hky27J,,800.00 BTC
588,1DkSPEx558McnXntvbGMM98G53Cf2zhvkD,,800.00 BTC
589,3NWhMf7raK5voWqHyamyEwKMuZbuYGEX26,,800.00 BTC
590,1PSG9wJZ1kSpLXkGzGvhjfpSTasQbCT3mU,,800.00 BTC
591,1L6Y7BWTJz4baG8EVD2VFSgcrWbM7Wuf9H,,800.00 BTC
592,1JQn5WE9Fsu4WnGsjzsRgEF16v1mdTEUn5,,800.00 BTC
593,33qQe9JKkeqKxjTJNqzBfc5EHfWYNvhRmM,,795.40 BTC
594,3CzzpVbvf7PAxtHcvTGybUBXFCqRoNG5dm,,794.90 BTC
595,1EGVEt7gqCFDQwtCWdVdzq7NKr1g5BjQ3M,,794.11 BTC
596,1Aiy7vAUyEsZa7tvwoFNZdNUtJrP3LBoZC,,793.77 BTC
597,1Q9UWogYPPG6J8V6EufxRxYiuxx4dSEfF,,793.55 BTC
598,1G9BjAFRnSdCaVzdVMXYMd43CzTZ4mx6Qj,,793.00 BTC
599,1HopU6SxVB8RpqPgsrV41CcmuQ3g51dw8d,,792.33 BTC
600,3PKASkiHEvM3ptFhUdL78Jky6oEZ8PKDBV,,789.39 BTC
601,1Fmp8fvEmTxBYJF7YTr6igsTV3DBWSERKj,,786.11 BTC
602,1JZwtPg72uUp26izpCE11gywmTWv1pkTdv,,784.44 BTC
603,1CBjRAP2oUPUnij7EgrScqgzmQkXMP1tWZ,,782.10 BTC
604,1HgZ9fMye9nwna5m4fL53aTXNsQ4fvQWAA,,782.10 BTC
605,1H9TvHe9YjeLdKQMzC3Di6aqyr9gunMuh3,,782.10 BTC
606,1GV6inf4bC2kQjzjGdVGy6kDorsZuntUip,,782.10 BTC
607,1ECoeDfK79CNm1Mzx6NMMkZrHVocwNg6Sp,,782.10 BTC
608,15SiYmTGYC4VDbN3aSqmD51NudmrjH9TV8,,782.00 BTC
609,14RPrdBWkrhvnHj3E5bqafka74KeB26c5Z,,780.92 BTC
610,1Q3GV4F5m6ArzCs4KPJaiFtEEYfuskk6cb,,780.70 BTC
611,1QHGH3uXNSt4hiQMvjrgn4vDaMDTsbZCJe,,780.70 BTC
612,12Gs6b6aM84ALVREn653gqmzAXoerGHg7B,,776.22 BTC
613,1CCXLxWHKc8x4QV1C51KPUefHSZshSBX25,,773.94 BTC
614,3H8GUoDhpcmx3xyQznooMhN21z2vEXkjEt,,772.77 BTC
615,1MxTowyoeDskh8XMyAMco8Qr3w8PaXtRk5,,772.00 BTC
616,1HhXp81sBUkkevnaFue5sLF3PX91rKhajo,,765.70 BTC
617,1MPqyixDXSmS4zqEXqFpEozn7MiP3aNXnV,,765.20 BTC
618,3M9f7UUhBEyicXBo7zkMyYPYZdyFkmRc72,,764.06 BTC
619,13AB46g9q6QjMjJoCGetwLDgWW7M5xXeT8,,760.00 BTC
620,39h1qcQJ2RsfFL99LvMttr87HYMecRJ4mc,,759.90 BTC
621,1C6k1x4e8seBvmD79uE5LXyd7ybGJDUDG2,,756.72 BTC
622,1FhsNEonqwkubkQrkQyd8xEKLJB94P4paV,,754.35 BTC
623,1NmuQ93ZEJ1hh1BBDeSp1ejFgbHKjefGuM,,754.24 BTC
624,1ARf1Np1PY54qbtdT5oik3ixrfNuVpvTgc,,750.00 BTC
625,15UkFYLMs5nytwiKWqGgkkVo1fjLFAeJhs,,750.00 BTC
626,1HCHzPzSMDwnhLZAg9KA6LpfTo8wKLVxjd,,750.00 BTC
627,34QqHcTRAB5ujVfitWaifHj7GRdKGqd3Ey,,750.00 BTC
628,1QGzf5hAFtaLvjAcMJysiiDnC54wzowaTW,,750.00 BTC
629,1AXYag6VRhzJLuKZroEetC5sxGiSMqYR9x,,744.51 BTC
630,1AVuzuudoRz9sJBf2cSjnWVPBdQCCtgWXF,,742.00 BTC
631,3PkMJcmmX5SZSP6aUxXYCJdzqzeUvLhb5H,,740.98 BTC
632,176xp6z2xxGwViyN1iu2YQ96JL85wjqScv,wallet: 5322368,740.01 BTC
633,18XVaufSHDd6cbMvpWY8XWUKhYMniHZ1S9,,738.60 BTC
634,328Zkzru37EmRC5FtR6krGM9wjhqoJFr7r,,734.35 BTC
635,17mxawNmRXVAuHpBnikiZiP35n7th9zVcX,,732.86 BTC
636,1DkqP37kbaEXGXVMsMvNcbC81fAne8sV5s,,732.61 BTC
637,1EChWw6qrQNezbwcRAVWxKN3iAiNcqxu8z,,725.72 BTC
638,1UaPw3y6V5cQSjKhCocUKSLDgyABwgJ8T,wallet: 25553811,725.00 BTC
639,1JZgoYgVYRNqSNLbRjq9E9Pwj8LNvHiNGH,,724.25 BTC
640,1yAFU3dLJEzUch7b4rgZV6bnkRKEe1Fu9,,721.34 BTC
641,1AWqYR4CCP5j9GEqMNk8b3ZNPPfG5Jniu1,wallet: 1801295,721.29 BTC
642,18ihEZW4jPWkFkMmhWHYWDtUUa7ZWMUaGy,,720.00 BTC
643,12zcaKwPrGuSmESht1dufqvi2k4v7Z2vKG,,718.61 BTC
644,3PKQu5W4TtWtwTXxMQDicpTLQR9XyjGiDc,,712.00 BTC
645,1GL6JssydA6ueTFAPJQ9DU8pfQMZA6tQTD,,707.00 BTC
646,1Cx9fH7kg8rmWeM9o3oKghCWFrnSDwkLpk,,705.80 BTC
647,1HemWKoEstRGsztA6JNEXNQARe89A6ncUY,,705.10 BTC
648,1Jb6eDqrEzzDFD5muXi12et3hbY6AMjsbg,,701.00 BTC
649,1Q138Xah26VDdPqZq1fJqz59iGdM4BUoPS,,700.89 BTC
650,353aFQubAqke8JohZWHyFUAguWs9Ht1f2u,,700.27 BTC
651,16yzHwNdTfx6nh4cM3abTk9RJyVSRn9VCT,,700.00 BTC
652,1Ht9usUwprHH33fr9Vrs2cryC1oPjtQ47M,,700.00 BTC
653,1EsSSgpJorNT2mjCLn9PtyJt2DxrhBk5LV,,700.00 BTC
654,159U9EQWsp8H21dsDtZpLAuYAUJZ3YWgK4,,700.00 BTC
655,3JZYVXhRkewhQUTySDVYPfo2RBWW4dFUhc,,699.95 BTC
656,12DmyzYxw9nN6Q7FiGiTMf7WFUbVpWKvaU,,699.71 BTC
657,1111111111111111111114oLvT2,wallet: Binance-coldwallet,697.80 BTC
658,1745G9XUHuSGZroA425RX9dhpVBB2hyWDh,,697.00 BTC
659,18eTvCNYCmU7n73s5eHJZyPYVjLy2rfo4S,,696.54 BTC
660,3JDdpSDkXM3tkB4N8JoNxakiQpjY7zDCGt,,695.00 BTC
661,3BGykrN88NsyWrrMKfbLK5XqfkvfyTnohf,,693.17 BTC
662,16tyEv1cKp6YFNQUGTep2Vys2yKjAEwiFF,,691.27 BTC
663,1PxHqff52QXBHxjrpJmC9p2GfqHXNMJ6aj,,690.00 BTC
664,181bjuhNNAFnTx5tedjxTC4uUjXy48EfD2,,689.99 BTC
665,1E6F83upBYtaU5haeeKaEbjCCs3vvRVQ6m,,688.37 BTC
666,12Ms4CPhyYThto9RfxsuiYKHFYMhaHyj1T,,684.68 BTC
667,13qFdB4qMJV47jWk8osh8yFtYL2MaHRYWP,,684.56 BTC
668,17qhg1xHJ1ckcXC56KUdGajQdgT1rLVmnZ,,684.00 BTC
669,169pQKysziudrUWnDx3ppo4rhvY5QfTZ4C,,680.00 BTC
670,17YVC4TUT3KH4QhaUqYDziGZcQm6a2EHBz,,677.49 BTC
671,1P3ZZRVuVbgxGqnPo86k2QjTKpJwbVdBeu,,676.03 BTC
672,12AoZzCLPzu6qgqpT8TyEMGCErXmDM37Cx,,675.04 BTC
673,1NJgSVnHCcLr1op35jmg1HUJBKyZysadiz,,673.99 BTC
674,143xVSVXNNmTbvHz2zMV2ixW6hecY8eouH,,670.00 BTC
675,1JdFaY9NTM8JRT3k7jaqeygJ3PtymFkTAA,,670.00 BTC
676,36LTBmmhifU3YnhEq8VurkT9GEF9nDxR3a,,669.76 BTC
677,15A8UUzd1535v77fzM6egeZv3itSkKgoxJ,,669.41 BTC
678,1CJdobMmZagcGYZwXxBgJd5WqZX8uPT6MT,,668.03 BTC
679,1EZ4NRTG5fqC4wdtURQ7mVedb4cCeLsaXM,,668.03 BTC
680,1GAeGGz1YPYkcz42ufFFcvhoaWLEFWeo6z,,668.00 BTC
681,1FuRcaavsVibUULeFFkLe2ygAreAy7YL1c,,668.00 BTC
682,1PrT8ZtBrhENbbxTMVx21HFuEcAK9JLjyc,,668.00 BTC
683,1E7eQDxg6FMTdNiFSMP9f9TyRnuSn68FLY,,668.00 BTC
684,1GbAoxxv5V6X22ASMY7Bjnb6wvkqaUETKE,,668.00 BTC
685,12NwyPbJbSygBBVLb91mgsX3BGLcRNDrPU,,668.00 BTC
686,1LKFRfgYijiq9yYn6yVYgW7nbnuMTGEkxf,,668.00 BTC
687,1MuHgZf1MZBis639XZdFyGpoEWXP1ZpTHu,,668.00 BTC
688,1Nq3799TDepeLP8CikLt1QyBsjhXzvaZ32,,668.00 BTC
689,115QD9spBw4AFmat5xKXSHSiXQZYhcZNNb,,668.00 BTC
690,1PJghZSZwWopgYWNWPPSXn1mV1UAkLuSXj,,664.54 BTC
691,1GbgGnu3eanizm5Z1pPzYqDHNcZfobexeU,,663.61 BTC
692,12dpzABdbKRg6Wc2yYtj29wqkxsFs75KVB,,662.77 BTC
693,3DKyGo1gceRYGfGXwoBRZxG3WiajaZQQEQ,,659.59 BTC
694,1HD2XyQRi6TxEQ93BB8cy1UeZNfSCPRWW,,658.19 BTC
695,1Lpu1LJAhYTWLveYW5mwi9T2kF3NKWQcJP,wallet: 2375926,655.50 BTC
696,17TzfAptkqVqakpiLPv5GSoWwa7tc3uaaA,,653.71 BTC
697,12ftSLLqs3DTXLNP8mZ8j6zfBf6MTrnY3j,,653.56 BTC
698,12YEZHpvn42dXnsbqa8psCfx8UcN5r7sPj,,652.66 BTC
699,1gf3tuG33T2RDk6ZsjhK6FdS1cM5D67aA,,652.60 BTC
700,3Lxs1kpNzMNeWZUoMRy2WfvJwcjjEuGyMM,,651.35 BTC
701,1Pop2n8nQxAMzppNsLz56jUyQ3WASQpv7e,,651.00 BTC
702,3JpEtJdMf2Qwjq776C7CygUp6fWGacRp7E,,650.79 BTC
703,1CqDWA6SEziruw4muh55UdjbdApqs5j1Vp,,650.00 BTC
704,17vYUwamwUkcwzWGgPNLAFjupSBFGWQRue,,650.00 BTC
705,13bBu94gvcYLxG4L59daESBYEhrrgp2Xos,,650.00 BTC
706,1B3NkzvEuJfqfh2vKaCkdA3XjXhH2bqQA3,,650.00 BTC
707,3KnV7ZwBECjqH4G7khUfdUdZ8W4qK4RhEJ,,650.00 BTC
708,16qWnv4yBzhnVHLBK68Btto93QgWgpbRiw,,649.15 BTC
709,1LP44uaRgUyVvYhc2UBP2pmRX1bfa5Nv2P,,648.65 BTC
710,3N4T3VkRqoDqPTvGSgLi1vxvCnnforXc5T,,647.12 BTC
711,33K6uZz91GH3VSy6RxVCA9DsmKNTfuGHxm,,639.35 BTC
712,1P3So5oj86iBqwz9WLnmyXku9463Bah1cj,,638.88 BTC
713,1QhUXUqmXo5BVLaKsLHx8DKYDiwtkgXbh,,637.90 BTC
714,17UccxNRi6xg5y2GpPCDcXULwwpEJNEBkv,,636.00 BTC
715,1PsgNxAC1stdDRo2VaFM6q8fmb1bQp2V8Z,,632.00 BTC
716,1L4XEZ5x3wbgksa1K1VuP7ZtTzA1rXU3xq,,630.00 BTC
717,18F64qHTWp8LDRrCtVWwDjHyMChv8rZCZV,,629.78 BTC
718,1MdDjKmn9MmHThBVcHYsKrEtDZpg8Zmt6V,,627.99 BTC
719,3MAwhzFBgVqVEpptBzGmwR2mkgDyxd6ST2,,625.76 BTC
720,1CXgsYPq9MnCkGHo9oCu4gLopyyUbrDAXN,,623.80 BTC
721,3DqsdMeJnh2VGBNrUNknFgAA5qg1qkf5yw,,623.69 BTC
722,16oo3yybDrJrjnpME9ypmxuApBTFgQij36,,622.74 BTC
723,3DkwUnNTVZTXNTJrmtPdyxe6e8t2f147ZX,,620.86 BTC
724,15aCF6BWfgxyAYrKpYxGf2m2SS8PK1riSS,,620.00 BTC
725,37bATF4kdvvfZF8Qe6oTAKerkhAC4j8SSN,,618.93 BTC
726,34rVA4t651PGYUTe35QBEQoEHJpmGEwzy3,,613.83 BTC
727,3Jhi9SbGUmxPAxEGvuoakgT614KkuN19AL,,613.35 BTC
728,1NmzF5N79oaiCfSU6ghCDKWpM453LZ9WZo,wallet: 1891446,610.73 BTC
729,1ENLWfW8jjQRWAyX4Qs3ZuLeyksEgjC8tW,,610.67 BTC
730,1Gy1NjqQ2GqZDJteazHgqgL4WBUPFgfxrr,,610.48 BTC
731,1DJja7qgy9fwhqSMgrLFTexMuCZbQjFeSs,,610.00 BTC
732,1FxPujWkJE842LLuRsQFj5GMfbNFUfoftv,,607.30 BTC
733,3HXQgC2kL6LsuHB2Sm1DuMRiuNY7EmgUav,,604.05 BTC
734,3Pgu48RPeZE9NEpC3EtGLago5jKEwQmp8e,,602.57 BTC
735,1AdtaS6vGtUAEjrBoics9nEGixsUFi7vir,,600.99 BTC
736,18GiSpLxugiHy5FsoYV3Ngeo1kme2rqhet,,600.24 BTC
737,16MDruJJaKp7iTXmQ5npFYxyTLfyDEVXyh,,600.20 BTC
738,1BU25ZQzxkJAQ7jVKBc7fBoJpPhHymbcWv,,600.18 BTC
739,1JwcwrhedXg91p6Ffovn1XTJE9C63Ka2LG,,600.10 BTC
740,1ABF1PwZTT4GZCdAPuHF9NSsy78ca2q3wW,,600.00 BTC
741,1K6vURxUuK6uUCeXxk31PCyDahAu1raunh,,600.00 BTC
742,1Bx8pSCW9Gzyvf1EjkeHJM5DpA3ip4At9h,,600.00 BTC
743,1FXavuV1rjJicYau2md7pa22Q3P4HEcMLN,wallet: 603,600.00 BTC
744,1J3CvmiBV9ic76bccSYDP5AL3AncScWTtK,,600.00 BTC
745,1GqiJReJ1yMBUQyCNbM3apApTxk29S9QT8,,600.00 BTC
746,19zkKsccBnwVbysbZsRNwo38ttPEkgFCT9,,600.00 BTC
747,17m6n7SyEoZYFHBK4thVAAT6NAg1RSDT65,,600.00 BTC
748,1Eqap1TvAFnebkH1TNEVdW3ZbGL27s91WV,,600.00 BTC
749,1NVvGenw7BiwbUtj5yes1L5mA7nErfJyok,,600.00 BTC
750,3QMc3Xk7CYmrL1qMBBCAbJQaiSFYTPgrAk,,600.00 BTC
751,1ApdoCXWzzqbtJBLFDYdNUCcoxMMXvk4A8,,599.89 BTC
752,1PyDmVAqBPo69JMCaMZXTnRa8zNYjwMr2J,,599.00 BTC
753,3GTQSdr4iu19GzWg3Ph89YYEFFKnSHKjDv,,596.71 BTC
754,18r1KRBaLQPcds2i15CwJAHPUYvNSW1gv7,,595.36 BTC
755,1HP4w3YAym9sqpPkwyhLamexejeuzQjXx7,,591.01 BTC
756,1L4FZa36xGvu4NSJ6BrTXg6HRJ5MFk9Hc4,,590.00 BTC
757,1YvCWqSpARRY7tyguMaPXHD9GCRyc74Hh,wallet: 632296,588.84 BTC
758,14AUXcL4RToUxVUCxinSS76JAs9C3Nhr7C,,587.48 BTC
759,1GW7VX3mj6ms51biha6UZaybUpFWTjsfrJ,,586.78 BTC
760,bc1qalwvk9m6c7ctgavwwzalf5jlx7r2jf6v8768pu,,586.23 BTC
761,1E9GvhLfVYtJiq1f1Tc2xLHe9Dkd1Yymit,,586.01 BTC
762,3Hn1WNe8kYHBfPSwfPprXutTKNebtAcDdK,,584.21 BTC
763,18v59dnWo91iqv2zQTZsTs6B4Kg83u1mtP,,583.99 BTC
764,1Fk5fWfQY9hdPm8ZUuHNETHYHCZxadjgo6,,580.67 BTC
765,1BYAc8qcAtVopKMjVUPUjEzSLtfxzvK5CG,,580.24 BTC
766,1HZNsUqQxKVLmfPfCAzLwrnVDzx8CxwxnM,,575.99 BTC
767,3D5MfZzwyF4rD263kFcCEunENYu9YEjoCR,,572.42 BTC
768,1NreXnzuiQG4Wdam3KXK2dB8yEju5nXDWN,,572.22 BTC
769,1PTAhbS2cefQTZKSA5drxVrPaTaqq2ciPQ,,571.50 BTC
770,19etFF4h5rpodEtsru78EDMG1kcybbxKBS,wallet: 987985,570.00 BTC
771,1Aq35ge7hvtJkwEG62JZUuD6EL9okBAhki,,570.00 BTC
772,1GkMebEsLSDg4Ewrj5HNM3VMLP9FYZaMCa,,569.75 BTC
773,3HUxqdQmgDpvfxTJNgJWYDguVmN3DjbgY8,,569.00 BTC
774,1ZhKkzRLLfpNGNHf8qDDH7uRZtaMue7tR,,568.23 BTC
775,1khRNXx7SUGHEvcty7sHtWqk29jkC4mxW,,567.27 BTC
776,1M8wTgPa9xP2FUfcs3cTrnx7WpKZACwZpS,,564.38 BTC
777,14159SZynsvqo9mn9fEdpwFKWKL5HQuVGF,,562.75 BTC
778,bc1qr2t46c80mdlujfdalf6zrn4hd3asze7cmzm0yw,,562.19 BTC
779,1DJrBUpy7zpcySbexeo3TJceRuAthcsiKQ,,559.23 BTC
780,1Jf48wufcDpPQ2EEgX1jUULuTHVzDhqBSF,,556.53 BTC
781,1KEBcwq7JzggrqdWYEZR1mK2787fiV8hnD,,555.56 BTC
782,15peGup2HVXUYYdkFmiPLgmg8XX5Ex7jAS,,555.00 BTC
783,1BQQUVgcUrSREw7h6cWQJXrqLYHpsF3hH7,,555.00 BTC
784,3ENkv5HdUuZsLakZF3YbBjMgYPPeVkyqyd,,554.89 BTC
785,1LiZMrHeFsbHtCK6coDvZenqyREPt5Q1Q,wallet: 47455586,553.82 BTC
786,12yqLsUvrULLvejhJMWnTcEQ7xhHCoSEGC,wallet: 130073,550.60 BTC
787,1D2ASqRHaRJ8YNd2zhwbCq5DuRPdaetoQC,,550.10 BTC
788,1DKAvDS4fVEKxJuC3yXkBfR5Y1awa9SFLi,,550.08 BTC
789,15BKWJjL5YWXtaP449WAYqVYZQE1szicTn,,550.00 BTC
790,16uwhx6EUMs8jTB3iQkfQgg3VXxqajzvEr,,550.00 BTC
791,16wNiGSebSjTtaYqZdapiEoku1nQz2wA7A,,550.00 BTC
792,1xYXK5k8f3YiMS7Z6u1Q1QhhYNpWazubs,,550.00 BTC
793,14gHwHqxQHDkNkNejPufJ9bL3GqYS9tL9y,,550.00 BTC
794,1Nhg39pb2UPCLZRGX3kRASvbs5PCGG7sCE,,550.00 BTC
795,1HYfpwS9vyNFoCqnYHBSPQb3227GDBYS7B,,550.00 BTC
796,1HDTTEDEe1WoPKG5hMNXujVQopBFqNXXCn,,548.16 BTC
797,3CYRFUqKArjmwMNsDivTCggbiZHUSCygJn,,545.48 BTC
798,3JgxtnWmACSuggPqigW6i5X8sJzijfZ5wX,,544.32 BTC
799,19bFYeY3yEqctMWTLAFQHgEtq6KuDveew7,,544.00 BTC
800,33QL72BbZfXkjj9wdkbKAEFWTZCkKUqdS3,,539.91 BTC
801,14hwhtzdABhPWejrMYGW7gLv1ZtDtqvNTj,,536.17 BTC
802,1MeTgxWJvKNwcxCVfdehRCW8fy1RSBBjyF,,534.00 BTC
803,1Mvb7gRsmx71qyrujh1NezQabdQKnfdTxs,,534.00 BTC
804,128Ksg2S84u7x9VTRgAerrJXPCt3XpXr24,,533.59 BTC
805,1GiDaFZMYAKmrtehaV8fRxVVrKggaqj7aY,,530.60 BTC
806,1PHpCrNnA8QYUobaGiWg1ZYw4hr35CwXHz,,529.68 BTC
807,1Pe4tWa5UCVGTuW6drdjDdCnARtRPAN7jp,,528.89 BTC
808,3MEtun5DBL5gPMUm8VJUJv7yeZCVQKcw8k,,528.28 BTC
809,1QBHX5fgDgjJraTzP9vFLdDWuKRugzW6Mk,,528.00 BTC
810,1ALv7TiG5xGC2WrsYVdVhsqaPrSVgy4W14,,527.60 BTC
811,1JGwfqPTJHgLH4jYeK1x2ERSJf74YT8WSb,,527.60 BTC
812,194Wx1fHfqscz6JfAt9H8wRpXTUwfyXYU2,,527.60 BTC
813,13mX2fZ1jyzLm4HRkQUofUv3ZSSatUQE2T,,527.60 BTC
814,12Kfr7FK445ocL1QSsALXBiUe4N7V4R8aW,,527.60 BTC
815,1Fecr5XAKmXJ8xX6qwrE7toSZx9X6nbj1J,,527.60 BTC
816,1HPKKxuv1AmkqEBhrRY7HxQ9wfd6GPEamx,,527.50 BTC
817,3LpExEGoRGgxKWyC3fxCx972564v5gVSGp,,522.70 BTC
818,1GzUm2U7s2fXEHjEgMUfg4P5X81VhNVQKv,,520.40 BTC
819,391ZrQjA7jCRTHWgjWXWoLYa2uiF75FtXX,,519.99 BTC
820,1LRHPN36YQufar8gH4au2evXLeD5ddPJwY,,519.71 BTC
821,1LQt5LCM8Tvr9Tzua8koC1CVwuJrSoDsd2,,519.15 BTC
822,3KetLPmh4j4CdTqy1evqvZdWufx3b2pRxH,,517.11 BTC
823,35mfoF97ytoqMdNTJGcHvAYrHsFCird8zC,,516.00 BTC
824,1LDSEFMq5q7AQA8oVDv9ysigBrLmDMXVKs,,515.79 BTC
825,13n9WxvfwBqFqfRoUJEUAAGG2CRbKN9pzJ,wallet: 16419686,514.36 BTC
826,13oTycJRBJHtkfXKYuDXpWTKM6FZNzKwrh,,513.86 BTC
827,168KFYZcjQjcDBKdZ4frBPYsgxbrxpjYao,,512.79 BTC
828,174KwubvQVfFfvYRcUq2FaxQ1A6qRVy2cS,,512.00 BTC
829,37a5RixoCfwhSemiR5xmuRwT936kPwGveh,wallet: 33286647,511.77 BTC
830,1358p4FvYw4LkvYm1GzNFDgD2vMNKNZR7i,,510.67 BTC
831,1FfPqx6qWXA3wVDMRTP2m5CBUsw1bbBWzp,,510.34 BTC
832,1DZLSQ9A1XqaMi4ceWTQEt56Vq5L2RQ5bV,,510.00 BTC
833,1FYMPad8fPrvfaWr1S9Rxd2obDnyKRHBAu,,509.93 BTC
834,3265bfrg5VU9QLeN9H9AhNTLiMcH6iRh3j,,509.84 BTC
835,1FyiwaNR1pX3D3sx9neUxobBxTSBA8ru8K,,509.36 BTC
836,1L1TSVswNXbYhXjbFwgSeM7STLPnvCL9ff,,507.86 BTC
837,1HaDCtJ5gebDEe3afoA7Xm5bCatWGcW4ah,,507.39 BTC
838,1Ns8BBH9GDW7YeaJbJBQaSKwBJkscLVbkf,,506.00 BTC
839,125aAJJBUTg62VCbvSudgQen8ppL7KQ8XK,,504.29 BTC
840,14zHdhjbE3Kyo9YjxDXA2cvnHeTSBtRqq5,,502.00 BTC
841,17oujw8y6519ewmuQouLWNFT7TDKho3Uv7,,500.96 BTC
842,1EdDFrUCoURweheHrDWV5dKT8J9CTWMa6Y,,500.50 BTC
843,1En7zxAgXYYTLAYHV5bsd1kzfxZn82cA4z,,500.21 BTC
844,132pbajaB9eM9zb9YaVkRFSRqW1K99JzKG,,500.20 BTC
845,1CK7Vmun5uZxT1i9YbMFhnUrLqRJ8KtQhD,,500.16 BTC
846,1M8rHiMrvSWFNwMxQHJTzHYVYowkZMxvb2,,500.11 BTC
847,15xNNMLhhdy56dD4U3rvwb5vqM9jW4VuaB,,500.10 BTC
848,1NNND8vGkb8ekAFS8JuptanwJEokA397TA,,500.09 BTC
849,1PoVmgj72ikBRHBH1Hpwv9st2vFDj6rKu7,,500.02 BTC
850,3LgW6QX4nafGDQjAGPpTv54MMrXttuRjJ7,,500.02 BTC
851,1FVmC8EMs5vT4MvBpvaYAf28DowraNFABg,,500.00 BTC
852,1PxeCXMZBuXHt4CqWWEQ7Kwgdyob9P955L,,500.00 BTC
853,1NFx9FETuduha8qJ6ehPYufTqVirB1Jf1D,,500.00 BTC
854,1PaJvUDUKm3Xr4FJJZS53ooNFFZXVZk3v,wallet: 283244,500.00 BTC
855,1yTRw4sbdhtE913uGVV3v6PkTUXMQ5ASF,,500.00 BTC
856,1MxF7EzXV2WeMkTJvRZhxdRSVy8bf1yQ4e,,500.00 BTC
857,1JuVNxe7oTvGpttztwgERGAWpggu7BPMew,,500.00 BTC
858,1KAA8GGhVjjUjVTz1HKAjCyGNzAKQd882j,,500.00 BTC
859,1J4q6vVo7BgMrEbCL2AxuCiJbRhCh5hEyE,,500.00 BTC
860,1KDYx1w862RFjhtVpWeuVuXg2QGNa3nwpg,,500.00 BTC
861,1Mn9C3SA6fq4MnnynzNk2mwS69q6UrjdR5,,500.00 BTC
862,12dcpdm8b3mUSarVMEo54XTVRgsdW3Jbq3,,500.00 BTC
863,1PYP1TrfYicGXYdyh7SuyehoMfbgwmvssj,,500.00 BTC
864,1ELMcoZFxjfdE7WwKKfvm159UnSLr6KmUv,,500.00 BTC
865,14B4v8YREDYpzk9rb534YY2MmSpkG6pXBf,,500.00 BTC
866,1FMn26mce15d5beTvv9hQ33VFhjLjegDoy,,500.00 BTC
867,1JkY68zAkMFmUb21K5i9M6Xnn8rRcqyUb5,,500.00 BTC
868,1DF2Q75TENW57pPmHhpvnBsgcPVpPqu1US,,500.00 BTC
869,1KkiryzeX53BEPpFdEaLnNHFmoGo7JY4Us,,500.00 BTC
870,1Fs8MajAhSnLkdhznPLfdWYbQZQgjdLTJC,,500.00 BTC
871,1Mp5TX53tPEhXAMDpp9Fop19Tn7i2gah13,,500.00 BTC
872,1FS5r5WHdgHcgCLW9AkTe5h4Rv7x9qYR68,,500.00 BTC
873,18eUAX7uDRRGbVsTAY4JPVRAkYZe5CuCYc,,500.00 BTC
874,1DiZTFtVLEXFBHXify2qThAPkE6dMKViXH,,500.00 BTC
875,17JJUCX9wxQuBUkRpWMAQZ58MyTGRXuqE7,,500.00 BTC
876,1AWTGncUStas3jR2AQHrTgs7PHhyjDWmAF,,500.00 BTC
877,1E5mp9deVe1npToBneeiLyMuxpM4VuFoUC,,500.00 BTC
878,1Hm1Bg2VtJosZ656cdnqfb2a4Lv6749nyu,,500.00 BTC
879,1Lmu87dsqbMC6viVUGDmrYGpBJWggmAK8y,,500.00 BTC
880,1Ne8Ukc2S8qbiCWAAB7UYYuhfTNJ8f6axy,,500.00 BTC
881,1JX8gptoG9KjEsUFY6jA554sSdtmnQyrrs,,500.00 BTC
882,1MeT7PoED355JxPADhqRAQmjd778BRksmS,,500.00 BTC
883,1498SVMdZv3y5TdLnYkZdxYBsKjULL7L2j,,500.00 BTC
884,1HRdZeu1f1rAKjthqBsZyssMPfEHPVNpLY,,500.00 BTC
885,16QevA8iAUTDTLXYm2EnArK4dCgQhuQHo5,,500.00 BTC
886,16rec73UgrkyNuu9xwyhSZzuZpBb38QTGE,,500.00 BTC
887,1Hfc7kreFrppMPTCoKaMB6xS7r2AGwWhpj,,500.00 BTC
888,186mQt8JeySxfGaeAt8eWB63XFtLsAPkeG,,500.00 BTC
889,186QCR3dGF3krDzeqFZ4ibNed8XGUL2AHv,,500.00 BTC
890,1AgrVEo4AZnyydUwgGqF1sacX5iRxDHkuc,,500.00 BTC
891,1HYDz9om9KPM2WEuaPxWRu5ZtxuV4JLGPE,,500.00 BTC
892,1NUzvnnXhm8ezkKRSNSqpKf3339WhdpDCb,,500.00 BTC
893,1HxWA8Qo1xwCnfieqFw5a84gP6o1bUnVCM,,500.00 BTC
894,1FjKZ7e4tFPGagbiLxnbvvHb1o8Bm8KMPt,,500.00 BTC
895,1ERf7djuaCGE7Dhjm7cd9gLYCaqBpCvE3,,500.00 BTC
896,12NiPXKveMZQsek1QYucYQqjTNQ1zvDGBu,,500.00 BTC
897,1B3BpchGnXDsgDMT92cAGcaQYkvvEHhdag,,500.00 BTC
898,18TExPoeCKud3H71fGPNJ54TVuNp2q8VV9,,500.00 BTC
899,17fEF2VTryzT3APTYTqKi2SThPai8Tzh7z,,500.00 BTC
900,16FFhhQBHXvZnuWzFPuAuPgADeaNqkdnXi,,500.00 BTC
901,1CWCrnNi3kWwjvVzsF9LSyJVV9gdp1KYGM,,500.00 BTC
902,1BXbBDc9zEdDeWWGRvipK7FfbSUcRuLsv8,,500.00 BTC
903,18v45sFpTrGRNMW34PooFYcnqhULUS7AeN,,500.00 BTC
904,1HhchdRdUcmgvkEfb2gYZJ2TgAtjTiPJNX,,500.00 BTC
905,1DXnCCDog6rCfGBrUTFw56jkMRN2J7Evbw,wallet: 2329,500.00 BTC
906,1CjDQitoqgm7wKhF3pZDBzAsq4Jbz9r2LT,,500.00 BTC
907,1P6RsTx2iW32SapV9Y63z5M4LW2KE2TtPE,,500.00 BTC
908,1CoG8tAfg2cQXhWptGRjTEpiAkYgU3xYvY,,500.00 BTC
909,1DpEqg8kYPpzgnzMNLNSH2otAfiNqwhozX,,500.00 BTC
910,1737CMveZDmZLMocHJNFE3zJrcgMjkt5WV,,500.00 BTC
911,1GWvNXZtdFkMngrmzZ762RLy3KqDSne7He,,500.00 BTC
912,1BgcMqFN95HALoBAqKa5WKdnr949N2cN5k,,500.00 BTC
913,1PfNh5fRcE9JKDmicD2Rh3pexGwce1LqyU,,500.00 BTC
914,13swYuDgiC8CdsTbmj2otWLwGVfyJC9Hr7,,500.00 BTC
915,19fYgfeqKTueUFpPsTP2rUXqZrtY7f6gh1,wallet: 19471536,500.00 BTC
916,1LeAyqLBZBmsWU98ConsP8ALba4RcV1QoY,,500.00 BTC
917,14tXU1MFhG6oxKTHo5dR4P89RaNoTPnxpS,,500.00 BTC
918,1PChftZEh72y1iKQ62pcp4SP7ezSsomu4A,,500.00 BTC
919,1FEm45y8TMkR1CQmgKnhXEfdRNCnPbM4Gq,,500.00 BTC
920,1GNee6ruuJXAAmpiQqTQmS5tbZ7tM2xaEF,,500.00 BTC
921,1PxTxthNQsZBqaanC3PNhNyi8v5MSCdjsy,,500.00 BTC
922,1FNF2m8DgQ1g875V67JfmEW8BTYvYBsEYz,,500.00 BTC
923,1HnVSXAMkCUHD8EeRxnNXXB6B12oQ9URpV,,500.00 BTC
924,1GPWQv8tUJrYR778LKeuGBM1JFNJWcrNe2,,500.00 BTC
925,1FkrdKtkAf3Qzn46ZPaNiFuHM8SrPD8CcG,,500.00 BTC
926,1LzEEHS8LNAgPZ4iTFgr8vpM5U8hiH9URS,,500.00 BTC
927,1NL8AphGnYCYywPhfWu73ofPeAQYh9pJmH,,500.00 BTC
928,1LQrr38N4HnvxFxSiN4kjzMa9ytJMhxmyT,,500.00 BTC
929,1FXgzVcDLbj99mwbsEdQQcgNGQ921bbPed,,500.00 BTC
930,1FuRRa4Zr5HPDzo3xfXmfREtJb7b7Fayqb,,500.00 BTC
931,1KkbpZJxDwFHHqGMbjUHNyXsDDG6XEY48p,,500.00 BTC
932,15PePpz57bzWETXxM2CciwHtrxYtGr7Xmc,,500.00 BTC
933,15oxSwynkacJqPGE53jHtLeD7Sxu5CuHWJ,,500.00 BTC
934,195bgNrGKGSijU9ZQDWY9GAHvGzLRKxrRL,,500.00 BTC
935,1BC5C4xbR6hCQ4AZ7AZqaCU85UY6bbZYFK,,500.00 BTC
936,1JUGvNX4MRm1RgCrYfEfUAoi4ZQEpLAHNm,,500.00 BTC
937,1LLqLxyWzwDxzJY5qeT5RwYw3fddNGemSD,,500.00 BTC
938,1JXJQHM2vqYdERY28TmV28DMNN47KoxtR6,,500.00 BTC
939,1LFX2n2SbAG4rAhVEc5oKrAEcPy78vVUMc,,500.00 BTC
940,1JPgURmYTqNxk2pXUGW5WGado5FxtJG1Dw,,500.00 BTC
941,1MvuUFRxNNUYws3BYcnUuJSnZjGnd73sxV,,500.00 BTC
942,1Kn3hUSL57faTQ6oKs9e1WsthbK8QAfiqR,,500.00 BTC
943,19gfjNrRYFpUiaZDW7uG2F78Y5UipUbsEF,,500.00 BTC
944,168agJ6qB3SjSe1BQfrVvnUUpybGkJL1cK,,500.00 BTC
945,12UGE5ffoXN7YXAphu3MTY7aUFD6ZHanss,,500.00 BTC
946,14YyGarK9KupiRMoGnTc3Lxin35eSDXNoa,,500.00 BTC
947,1Nf6XFz6cTP2aFieWBj4R87WuWK86xpUKw,,500.00 BTC
948,1KDao4vxgSXaaVmuPZLMV1dSrvrCh2KrP6,,500.00 BTC
949,1P6pL9eG9d3PkhgGiYWQj9fE7V9ef1RygZ,,500.00 BTC
950,1Jjaa4FKMawtNLj9B69acykfrmXTfRTRLU,,500.00 BTC
951,1iknJ4LoMH5mKZ58zKm1kkzPsf4txRJu8,,500.00 BTC
952,1Cpkmgcw91PWSu9durAzZNdddrXz5P2baX,,500.00 BTC
953,13jqo69niTdDJYQhkyHijAjqhqHBYujpme,,500.00 BTC
954,1HseM6kPVXekM8kqE3ibaR1yDqkBwZS5ok,,500.00 BTC
955,1FipEY2YzuCFQ1pt3Bo1dVoUPWGvBju6xW,,500.00 BTC
956,15CZb1sj3gPCR3fJ49NWRje1EVYNQVG9d9,,500.00 BTC
957,1PKpEpqHuz8a15Z5UtFkbsKWahUARJr3HF,,500.00 BTC
958,18xaKmwL8J5D2dmA9vpMDNspCRBNyMQ2wi,,500.00 BTC
959,1B3EhsqxZsWmeNXmJ3h9hoAQvGgFEmsguk,,500.00 BTC
960,1AyTNeHVb6SLR17kQM3PGdP9F2wxmALhPM,,500.00 BTC
961,176CznP9VmSHZsLPVKSgzD5ikGhnWkF2Ny,,500.00 BTC
962,1D4hiXn2xLVGTQQWXR491c46ak7SqssELf,,500.00 BTC
963,12ac1ZZS51KpumyiraXeFtUdTsKRhv4Tj9,,500.00 BTC
964,1Emkc5Wjzg4dtc6rEAUNZuECjJZdPCEuFh,,500.00 BTC
965,17dSJN2QyYiDREo1D7FUF7u9CsUwSMnwhg,,500.00 BTC
966,3Gdp16kdZL5KYJkGAkEH2MAsvUDHwygRx3,,500.00 BTC
967,1CooxiZdiBmMV4qezvioRtpwqfBAKyeYqt,,500.00 BTC
968,1HtQwoguFkvMynK1NyDhh1weHjrMyDAKU,,500.00 BTC
969,1Ge39w5Ug2y5EiQV4pi4Hj9otvSWhHY4AL,,500.00 BTC
970,1Ek93YBu22kMJ43GhbTy13dYnckcbZE4xu,,500.00 BTC
971,19BKs5rtg9DDthGfqDRffH9bCgthRyHez1,,500.00 BTC
972,19nBya8fkJXf1jd5vDVdfQTmpfmEmZSjf1,,500.00 BTC
973,1PK5sNBcX9dFKoU1oB6oNbLQm9jAKr4jZy,wallet: 38600897,500.00 BTC
974,14agTmSHkcc7LEGwaR8QCRfFD9xgtPynU2,,500.00 BTC
975,18wbEYujWwMsQ3Q9o8Hh9bXX24FVV6AoFs,,499.99 BTC
976,15AdM31P63tXG6LYdXVAToAKwUqRnBzu7G,,499.98 BTC
977,19kVST7m9ywkTyRnMsiVibtLgLU7VpPoy2,,499.88 BTC
978,1K5yzVEFsragFbszvef46vDfKwVRLY9Uoa,,499.16 BTC
979,192dDnj5afmZYWAXD6zt8Z8pUCKvV5rT6h,,499.00 BTC
980,13JEGFpfLijF2dFYHxecWipiCJEWRYfyff,,498.02 BTC
981,3FTfQ3pjBeMvsn6csiSbWLGZQzWY6Tkokm,,495.49 BTC
982,32Yn6pFzJfnznUM7kR67cdz3ayMB9amacD,,495.41 BTC
983,1CRciRAcXj9BYcThY8tvyhGGb1e5cQ7fJP,,495.35 BTC
984,17eSZivDJpuJp9TxezTXVxkgLbsr3XZM1i,,491.25 BTC
985,1K2zPR4H2onTTSqYKim7zpo1Lg8PwiCDRS,,490.00 BTC
986,1AqG4ECFDkm6W6AV3kEmJyFqBr4rCoeXVg,wallet: 385134,490.00 BTC
987,1Gv4Pv48Zyeb2QPM9wiKywCrjbxJmMemDr,,490.00 BTC
988,3ATfjtht1UFyKDemht1arPNCbGuvtCDnd8,,489.75 BTC
989,1KjNXfFKf4ihaNcJS3ev8pjXDJ2SEkYm6h,,489.47 BTC
990,12GpD4M1v77mJyNZyP1BYNoX2sSFScfyiF,,488.69 BTC
991,15s77YpwbDkHqAfy2Gzt7RKx2R49LkKduJ,,487.00 BTC
992,17dE8apBcExNAtHr6da1kWUFMpBUfCE2Av,wallet: 1891446,485.44 BTC
993,3Jat3yfSqk2Ke1CmMowEckch2ACVtmD5iM,,485.03 BTC
994,12m9dz42JrwCwLhxuzVMzNs9BXvwxTp3B1,wallet: 791055,484.09 BTC
995,13ugcMoR3QrFZiNv8ijh8Wae3dUasknXRF,,482.85 BTC
996,1M3Nn3Znq2MVqjDaoR1GucVYmXvXLgYPz4,wallet: F2Pool,482.00 BTC
997,15ndU4fPi9D6yWkJXgPaiSLVKoKSbuNHE3,,481.95 BTC
998,1JU8KXtbAVzV7rQqZodqcczrbWLYEhrTkE,,480.82 BTC
999,1FS5dFYwmB21rvsAmTfRZ15917cXuh6foL,,480.64 BTC
1000,1ChancecoinXXXXXXXXXXXXXXXXXZELUFD,,480.20 BTC
